IID_Bootstrap_Means,Block_Bootstrap_Means
15.269698910954517,14.645739910313901
14.821268417680974,14.267136450992954
14.110826393337604,15.142857142857142
14.59513132607303,13.33760409993594
13.698270339525944,15.063420884048687
14.877001921844972,13.604740550928891
14.121716848174247,13.908392056374119
14.573350416399744,13.474695707879563
14.351057014734145,14.204996796925048
15.188981422165279,14.34785393978219
14.534272901985906,16.126841768097375
14.431133888532992,15.075592568866112
14.629724535554132,14.008968609865471
14.285073670723895,13.251121076233185
14.429212043561819,14.130685458039718
14.724535554131966,14.98206278026906
14.642536835361948,12.950032030749519
15.101217168481742,13.709160794362589
14.55413196668802,13.498398462524023
14.531710442024343,14.242793081358103
14.614349775784753,15.359385009609225
14.591287636130685,14.158872517616912
15.229980781550289,15.658552210121718
15.609224855861628,14.54580397181294
14.806534272901986,14.070467648942985
15.089045483664318,14.745675848814862
14.139013452914797,15.606021780909673
14.375400384368994,13.335682254964766
14.331838565022421,15.436258808456119
15.674567584881487,14.08199871877002
14.488148622677771,14.608584240871236
15.310698270339525,14.68609865470852
15.348494554772582,14.051889814221653
14.994875080076874,14.736066623959001
14.667520819987187,15.9513132607303
14.297885970531711,13.393978219090327
14.849455477258168,14.135169762972454
14.657911595131326,12.87636130685458
13.873798846893017,15.98398462524023
15.582319026265214,13.525304292120437
15.058295964125561,15.527866752081998
14.522101217168482,15.106982703395259
14.48750800768738,13.905829596412556
14.609865470852018,14.382447149263292
14.99935938500961,16.14670083279949
14.220371556694426,15.454836643177451
15.281870595771942,14.386290839205637
14.270980140935299,13.750160153747597
14.725176169122358,12.87572069186419
14.410634208840486,14.80140935297886
14.37155669442665,14.898782831518258
14.474695707879563,14.51249199231262
14.893657911595131,14.274823830877642
14.97501601537476,14.243433696348495
15.598975016015375,15.770019218449711
14.829596412556054,13.377322229340166
14.549007046764894,16.00960922485586
14.932735426008968,15.66239590006406
14.376681614349776,13.648302370275465
14.745035233824472,13.863549007046766
14.226137091607944,13.009609224855861
15.385650224215247,13.174887892376681
14.92568866111467,15.103779628443306
14.37988468930173,13.673926969891095
14.836002562459962,14.482383087764253
14.549007046764894,13.946828955797566
15.304292120435619,14.299167200512493
14.128122998078155,15.165919282511211
14.377962844330558,13.74375400384369
13.992953235105702,14.937860345932094
14.37988468930173,16.809096732863548
15.086483023702755,14.153106982703395
14.733504163997438,13.532351057014735
14.327994875080076,13.308776425368354
14.82703395259449,14.261370916079436
15.14862267777066,13.38821268417681
14.372197309417041,14.031390134529149
15.52017937219731,16.16591928251121
14.898782831518258,13.772581678411274
14.802690582959642,13.521460602178092
14.499039077514414,14.365150544522741
14.540679051889814,14.750160153747597
14.245996156310058,14.32158872517617
13.914157591287637,14.7014734144779
15.557975656630365,14.746316463805252
14.757206918641897,15.426008968609866
14.727738629083921,13.840486867392697
14.830237027546445,13.957719410634208
14.573991031390134,14.665598975016016
14.28122998078155,13.377322229340166
14.309417040358744,14.262011531069827
14.488148622677771,14.283792440743113
14.949391415759129,14.496476617552851
14.79308135810378,15.203715566944267
14.948750800768739,14.05701473414478
14.333760409993594,14.896860986547086
14.36386931454196,12.956438180653427
14.282511210762332,13.474695707879563
14.012812299807816,13.35618193465727
13.754003843689942,13.741191543882127
14.921204356181935,14.407431133888533
14.795643818065344,15.155028827674567
14.766816143497758,13.349135169762972
15.079436258808457,15.366431774503523
14.639333760409993,14.758488148622678
15.402306213965407,13.672645739910314
14.444586803331198,13.998078155028828
14.23126201153107,17.15695067264574
15.03395259449071,14.508648302370275
15.197309417040358,15.405509288917361
14.916079436258808,17.432415118513774
15.542600896860986,15.012171684817424
15.073030108904549,13.57783472133248
14.780909673286354,13.83472133247918
14.406790518898141,14.896220371556694
14.52914798206278,13.873158231902627
14.982703395259449,13.0903267136451
14.452914798206278,15.864830237027546
14.45419602818706,16.20691864189622
14.522741832158873,12.645739910313901
14.433055733504164,13.087123638693145
14.523382447149263,14.436258808456119
15.830237027546445,13.32222934016656
14.073030108904549,14.053811659192824
15.083920563741192,15.681614349775785
14.584881486226777,13.928891736066625
14.704676489429852,14.58680333119795
14.829596412556054,13.732222934016656
14.592568866111467,14.467008327994876
13.988468930172965,14.507367072389494
13.899423446508647,15.994234465086484
14.54644458680333,16.432415118513774
14.221652786675207,13.402946828955798
15.276745675848815,14.128763613068546
13.997437540038437,15.874439461883409
14.574631646380526,15.588084561178732
14.762972453555413,12.38116591928251
15.188340807174887,17.50224215246637
14.071108263933375,14.798206278026905
15.33760409993594,15.303010890454837
14.547085201793722,13.442664958360025
14.291479820627803,13.681614349775785
13.996796925048047,13.739269698910954
14.456758488148623,12.622677770659834
14.299807815502882,13.882126841768097
14.841127482383088,16.226777706598334
15.035233824471492,15.020499679692504
14.804612427930813,15.112748238308777
14.698910954516336,14.00064061499039
15.103139013452914,14.598975016015375
14.723254324151185,15.72709801409353
14.511210762331839,13.639974375400385
14.786675208199872,14.717488789237668
14.37988468930173,13.614990390775144
15.344650864830237,13.035874439461884
15.120435618193465,14.37091607943626
14.613709160794363,14.720051249199232
15.852658552210121,16.45291479820628
14.150544522741832,14.548366431774504
14.698910954516336,15.80973734785394
14.994234465086484,14.24727738629084
15.192825112107624,15.426649583600256
14.962203715566945,13.238949391415758
15.261370916079436,13.971812940422806
14.344010249839846,15.1319666880205
14.680333119795003,14.429212043561819
15.162075592568867,13.903267136450992
14.707238949391416,14.472133247918002
14.268417680973736,12.922485586162717
14.094811018577834,14.977578475336323
14.196668802049969,15.488148622677771
14.740550928891736,14.055733504163998
13.965406790518898,12.616912235746316
13.761050608584242,15.95900064061499
14.506085842408712,13.968609865470851
14.344010249839846,14.765534913516976
14.28122998078155,13.137732222934016
14.642536835361948,13.448430493273543
15.128763613068546,14.193465727098014
15.299167200512493,14.75208199871877
14.484945547725816,13.821909032671364
14.176169122357463,14.737988468930173
14.075592568866112,14.61883408071749
14.567584881486226,14.189622037155669
15.315182575272262,13.896220371556694
15.168481742472775,14.476617552850737
14.848174247277386,15.40422805893658
15.016655989750161,13.990390775144139
15.392056374119154,13.440743113388853
15.19859064702114,15.527866752081998
15.028827674567586,15.47149263292761
15.02498398462524,13.218449711723254
14.903907751441384,15.262011531069827
14.743113388853299,14.149903907751442
13.638052530429212,15.798206278026905
15.23959000640615,13.522101217168482
14.70339525944907,15.37155669442665
14.447789878283151,15.771941063420885
14.637411915438822,13.907751441383729
14.704676489429852,16.089045483664318
15.385650224215247,14.201793721973095
14.31454196028187,14.5624599615631
14.690582959641256,14.582959641255606
14.62011531069827,12.952594490711082
14.73542600896861,14.0486867392697
14.422805893657912,14.499039077514414
14.527226137091608,15.576553491351698
14.272261370916079,15.721332479180013
14.426008968609866,13.987828315182576
14.590006406149904,14.508648302370275
14.877001921844972,12.822549647661756
15.238949391415758,14.540038436899424
15.20691864189622,13.803971812940423
14.832158872517617,13.597693786034593
14.62011531069827,15.561178731582318
13.6598334401025,13.263292761050609
14.409993593850096,16.721332479180013
14.650864830237028,14.731582319026264
14.155669442664959,14.103779628443306
14.720051249199232,15.597693786034593
14.654708520179373,15.474055092889174
15.573991031390134,13.93337604099936
14.09993593850096,13.079436258808457
14.93401665598975,15.767456758488148
15.155028827674567,13.64381806534273
14.804612427930813,14.582959641255606
13.975656630365151,14.3401665598975
14.386290839205637,15.766816143497758
15.1806534272902,13.502882767456759
14.659192825112108,13.81806534272902
15.294682895579756,12.679051889814222
14.408712363869315,13.733504163997438
14.16463805253043,15.844330557335041
14.00832799487508,14.093529788597053
14.944907110826394,13.832158872517617
14.777706598334401,14.740550928891736
15.085201793721973,13.386290839205637
14.81806534272902,15.447149263292761
14.765534913516976,14.443946188340806
15.317104420243433,12.978219090326714
14.622677770659834,13.616271620755926
14.566303651505445,15.249199231262011
14.811659192825113,14.538757206918643
14.808456117873158,13.393978219090327
14.930172966047406,14.320948110185778
14.802690582959642,15.170403587443946
15.021140294682896,14.627162075592569
15.166559897501601,13.286354900704676
15.331838565022421,14.03267136450993
14.10762331838565,13.890454836643178
14.60345932094811,15.506726457399104
14.996156310057655,15.7014734144779
14.30685458039718,14.915438821268417
14.304932735426009,15.250480461242793
14.66175528507367,15.955797565663037
14.69378603459321,15.162716207559257
15.717488789237668,15.027546444586804
15.496476617552851,13.878283151825753
14.758488148622678,16.27162075592569
14.61947469570788,16.039077514413837
14.374759769378603,14.672005124919924
14.205637411915438,15.66944266495836
14.770659833440103,13.696348494554773
14.675208199871877,14.709160794362589
14.443946188340806,13.865470852017937
14.188981422165279,14.439461883408072
14.039077514413837,14.01793721973094
15.419602818705958,13.907751441383729
14.684176809737348,14.327354260089686
14.93337604099936,13.810377962844331
14.480461242793082,15.014093529788598
15.545163356822549,14.740550928891736
14.319026265214607,13.434977578475337
14.64381806534273,13.361306854580397
14.531069827033953,15.268417680973736
14.72645739910314,13.1736066623959
14.083279948750802,15.864830237027546
14.932094811018578,12.723894939141577
14.527866752081998,14.937219730941704
14.790518898142217,14.356822549647662
14.795643818065344,13.819987187700193
15.482383087764253,14.165919282511211
14.4791800128123,12.830877642536835
14.039077514413837,15.805893657911595
14.319666880204997,13.433696348494555
14.894298526585523,15.774503523382448
14.771941063420885,14.299167200512493
14.021140294682896,12.405509288917361
15.725176169122358,13.707238949391416
13.910313901345292,16.369634849455476
14.68545803971813,14.072389493914157
14.653427290198591,14.59513132607303
14.911595131326074,14.084561178731583
14.941704035874439,14.8193465727098
14.541960281870596,15.018577834721333
15.3472133247918,13.616271620755926
14.336322869955158,13.369634849455478
15.105060858424087,14.076873798846893
14.600256245996157,13.531710442024343
14.30621396540679,13.360025624599615
14.415118513773223,13.565663036515055
14.024343369634849,15.759128763613068
14.44650864830237,13.327994875080076
14.33952594490711,15.493273542600896
13.928251121076233,14.442664958360025
14.670723894939142,13.556053811659194
14.812299807815503,14.810377962844331
14.42216527866752,14.816784112748238
15.073030108904549,14.152466367713005
14.192825112107624,13.74375400384369
15.174887892376681,14.605381165919283
14.079436258808457,14.10762331838565
14.69378603459321,16.129404228058938
14.888532991672005,15.01537475976938
14.894939141575913,14.608584240871236
14.69378603459321,14.484945547725816
14.606662395900065,14.010890454836643
15.108904548366432,13.575272261370916
15.30685458039718,13.853939782190903
15.047405509288918,14.73542600896861
14.342088404868674,14.77642536835362
15.204996796925048,16.054452274183216
15.303651505445227,14.112748238308777
14.606021780909673,15.217809096732864
14.353619474695709,13.275464445868034
15.350416399743754,14.831518257527225
14.484304932735427,14.980140935297886
14.549007046764894,13.313260730301089
14.668161434977579,13.282511210762332
15.023702754644459,13.755285073670724
14.333119795003203,13.530429212043561
14.027546444586804,13.32991672005125
13.981422165278667,14.709160794362589
14.61883408071749,14.221012171684817
15.294042280589366,15.135810377962844
14.849455477258168,13.932735426008968
14.233183856502242,14.411274823830878
14.68609865470852,14.030749519538757
15.566944266495836,13.646380525304291
14.458680333119794,14.342729019859064
14.19859064702114,15.377962844330558
14.378603459320948,14.712363869314542
14.805893657911595,16.685458039718128
14.32158872517617,12.743113388853299
14.609865470852018,14.254324151185138
14.754003843689942,15.235746316463805
15.193465727098014,13.9583600256246
14.128763613068546,15.498398462524023
13.997437540038437,15.543241511851377
15.673926969891095,13.978859705317104
14.532991672005124,12.883408071748878
14.443305573350417,13.558616271620757
14.496476617552851,15.055733504163998
14.31390134529148,15.813581037796284
15.061499039077514,16.79436258808456
15.008968609865471,14.684176809737348
14.754644458680334,13.815502882767456
14.422805893657912,14.993593850096092
15.199871877001922,13.902626521460602
15.192825112107624,13.099295323510571
14.616912235746316,13.130685458039718
14.626521460602179,14.935938500960923
14.746316463805252,15.707879564381807
15.374119154388213,14.331197950032031
15.078795643818065,13.612427930813581
15.146700832799487,15.186418962203716
14.63677130044843,14.780269058295964
15.102498398462524,14.284433055733505
14.201153106982703,15.359385009609225
14.661114670083279,13.789878283151825
14.788597053171044,13.35490070467649
14.654708520179373,15.519538757206918
14.461242793081357,13.815502882767456
14.967969250480461,14.635490070467648
15.499679692504804,15.867392696989109
14.61883408071749,14.745035233824472
14.709160794362589,13.828315182575272
14.358744394618833,15.588725176169122
15.251121076233185,12.857142857142858
14.426649583600256,14.96604740550929
13.821909032671364,14.05701473414478
14.89173606662396,14.244074311338885
14.24023062139654,15.598975016015375
15.19795003203075,16.556694426649585
14.34785393978219,15.426008968609866
14.064061499039077,14.850096092248558
14.895579756566304,13.983344010249839
15.490070467648943,14.633568225496477
14.62075592568866,13.905829596412556
14.762331838565023,13.547085201793722
15.418321588725176,13.915438821268417
15.168481742472775,16.992953235105702
14.963484945547727,14.086483023702755
14.509288917360665,14.31454196028187
14.926969891095451,13.964766175528508
15.757847533632287,15.134529147982063
14.557335041639975,14.717488789237668
14.770019218449711,14.565022421524663
14.361947469570788,15.26457399103139
14.81806534272902,13.34785393978219
15.875080076873799,14.467008327994876
14.805253042921205,15.088404868673926
15.208840486867393,14.17296604740551
14.80973734785394,14.217168481742473
14.61883408071749,14.376681614349776
14.241511851377322,14.126201153106983
14.584240871236387,13.374759769378603
14.044843049327355,16.104420243433697
14.781550288276746,14.217809096732864
14.935938500960923,13.295323510570148
14.63613068545804,14.594490711082639
15.229980781550289,14.145419602818706
14.1319666880205,14.010890454836643
14.37091607943626,14.176169122357463
13.969891095451633,14.58744394618834
15.782190903267136,15.274823830877642
14.283151825752723,13.352978859705317
14.344010249839846,14.25624599615631
15.145419602818706,14.483664317745035
14.783472133247917,15.508648302370275
14.60345932094811,15.262652146060217
14.449711723254325,15.249199231262011
14.926329276105061,14.551569506726457
15.04932735426009,13.737988468930173
13.936579115951313,14.49519538757207
14.516976297245355,13.474695707879563
14.153747597693785,14.618193465727098
15.116591928251122,14.19090326713645
14.452274183215888,14.236386931454197
14.276105060858423,14.94234465086483
15.120435618193465,14.539397821909033
14.61883408071749,13.522741832158873
14.084561178731583,13.845611787315823
14.253042921204356,13.821268417680974
14.24791800128123,13.36322869955157
14.63613068545804,14.171684817424728
15.102498398462524,16.16527866752082
14.926969891095451,13.484304932735427
15.105060858424087,13.590006406149904
14.77578475336323,15.286995515695068
14.394618834080717,14.162075592568867
14.401665598975017,14.798206278026905
14.73542600896861,14.433055733504164
14.800128122998078,13.81806534272902
14.18193465727098,14.736707238949391
15.370275464445868,16.04228058936579
14.668161434977579,14.484945547725816
14.944266495836002,15.435618193465727
14.62075592568866,13.99167200512492
14.960922485586163,13.787956438180654
14.736066623959001,14.194106342088405
15.359385009609225,14.136450992953234
15.085842408712363,14.246636771300448
14.602178090967328,16.390134529147982
15.329276105060858,16.451633568225496
14.472773862908392,14.786675208199872
15.220371556694426,12.162075592568867
14.315823190262652,14.623959000640616
15.655989750160154,13.75976937860346
15.19090326713645,14.070467648942985
14.716207559256887,14.180012812299807
14.521460602178092,13.675848814862269
14.422805893657912,14.034593209481102
14.857142857142858,16.89301729660474
14.62075592568866,15.303651505445227
15.269058295964125,15.279948750800768
15.324791800128123,14.805253042921205
15.04099935938501,12.955156950672645
14.589365791159514,14.77578475336323
14.782190903267136,14.814221652786674
14.478539397821908,13.94234465086483
13.824471492632927,14.905188981422166
14.74375400384369,13.6598334401025
14.55413196668802,15.787956438180654
14.867392696989109,15.30685458039718
14.814221652786674,17.285073670723897
14.10762331838565,15.709801409352979
13.998078155028828,13.800128122998078
14.723254324151185,14.047405509288918
14.837283792440743,15.897501601537476
14.482383087764253,16.750160153747597
15.026905829596412,15.582319026265214
14.360666239590007,15.326713645099295
15.3401665598975,14.496476617552851
14.192825112107624,14.389493914157592
15.105701473414477,14.418962203715568
15.414477898782831,14.547725816784112
14.54580397181294,15.192825112107624
14.48686739269699,15.610506085842408
14.208840486867393,13.317745035233825
14.395900064061498,14.946828955797566
14.62844330557335,15.389493914157592
13.76873798846893,14.476617552850737
14.736066623959001,14.349775784753364
14.170403587443946,15.163997437540038
14.962203715566945,15.017296604740551
14.918641896220372,14.146700832799487
14.297885970531711,13.871877001921845
14.442664958360025,16.134529147982065
15.331197950032031,13.042280589365792
14.736707238949391,16.360025624599615
14.787956438180654,14.698910954516336
14.369634849455478,13.654067905188981
14.757847533632287,14.449711723254325
14.62011531069827,14.877642536835362
14.739910313901346,14.461242793081357
14.94234465086483,17.50544522741832
13.985906470211402,14.964125560538116
14.383728379244074,13.110826393337604
15.183215887251762,15.666239590006406
14.114029468289559,14.825112107623319
15.709801409352979,13.045483664317745
14.867392696989109,17.33119795003203
14.308135810377962,15.500320307495196
14.267777065983344,15.42024343369635
14.93401665598975,15.978859705317104
15.288276745675848,14.119154388212683
14.616271620755926,14.293401665598974
14.456758488148623,14.215246636771301
14.943625880845612,14.770019218449711
14.556694426649583,14.711723254324152
14.740550928891736,13.791800128122999
14.725816784112748,14.790518898142217
14.577194106342088,15.249199231262011
15.103779628443306,14.167200512491993
15.007046764894298,13.521460602178092
14.261370916079436,13.867392696989109
15.111467008327995,15.315182575272262
14.548366431774504,13.816143497757848
14.027546444586804,16.035233824471494
14.832799487508007,15.062780269058296
15.244714926329276,15.07431133888533
14.631646380525304,13.57014734144779
14.666880204996797,13.210121716848175
15.191543882126842,14.750800768737989
14.472773862908392,16.237027546444587
15.672005124919924,14.617552850736708
14.250480461242793,12.700832799487507
14.433696348494555,15.670723894939142
14.730301089045483,13.730301089045483
15.01793721973094,12.625880845611787
14.482383087764253,13.144138372837924
14.073030108904549,14.424727738629084
15.05765534913517,15.167841127482383
14.53619474695708,13.928891736066625
15.188340807174887,13.890454836643178
14.45355541319667,15.691223574631646
14.940422805893657,13.705317104420244
14.408071748878923,14.40486867392697
15.006406149903908,14.675848814862269
14.533632286995516,14.627162075592569
13.824471492632927,15.625880845611787
14.075592568866112,15.48750800768738
14.950032030749519,14.110185778347214
14.079436258808457,14.184497117232544
14.105701473414477,14.769378603459321
14.53683536194747,16.98270339525945
14.674567584881487,13.080076873798847
14.92568866111467,14.395900064061498
14.177450352338244,13.222934016655989
14.731582319026264,13.499679692504804
14.44586803331198,13.808456117873158
14.509929532351057,15.028827674567586
14.252402306213966,14.044843049327355
15.071748878923767,15.745675848814862
14.871877001921845,15.53683536194747
15.199871877001922,14.67713004484305
14.571428571428571,14.047405509288918
14.935297885970531,14.043561819346573
15.071108263933375,14.083920563741192
14.918641896220372,12.688661114670083
15.448430493273543,14.610506085842408
14.67008327994875,14.399743754003843
13.962844330557335,13.860986547085203
15.350416399743754,14.99167200512492
14.392056374119154,15.203715566944267
14.360666239590007,14.343369634849456
14.653427290198591,15.028187059577194
14.468289557975657,13.672005124919924
14.601537475976938,14.714285714285714
14.640614990390775,13.903907751441384
14.885329916720051,13.089045483664318
14.811018577834721,14.874439461883409
15.126201153106983,13.037796284433055
14.879564381806535,14.836002562459962
14.657270980140936,16.577194106342088
14.060217809096732,14.929532351057015
14.66175528507367,15.267777065983344
14.260089686098654,14.302370275464446
14.549007046764894,15.052530429212043
14.360666239590007,15.228058936579115
14.556053811659194,16.16335682254965
15.657911595131326,14.895579756566304
15.215887251761691,15.717488789237668
15.258808456117873,14.185137732222934
14.323510570147342,15.450992953235106
14.186418962203716,14.323510570147342
13.827674567584882,14.848814862267776
14.586162716207559,13.65214606021781
14.16527866752082,13.478539397821908
14.426008968609866,13.880204996796925
15.139013452914797,14.764894298526585
14.747597693786034,13.457399103139014
14.019218449711722,15.00064061499039
15.245996156310058,13.472773862908392
14.875080076873799,15.418321588725176
15.188981422165279,13.885329916720051
14.869314541960282,14.100576553491353
14.534272901985906,13.402306213965407
14.333760409993594,13.708520179372197
13.998078155028828,15.582959641255606
15.169762972453555,15.825752722613709
14.530429212043561,13.906470211402947
15.406149903907751,13.857783472133248
14.69378603459321,15.23126201153107
14.612427930813581,13.508648302370275
14.162716207559257,13.606021780909673
14.63613068545804,17.02434336963485
15.356822549647662,14.146700832799487
14.648942985265855,13.532991672005124
13.914157591287637,13.668802049967969
13.910313901345292,14.616271620755926
15.271620755925689,14.238308776425368
15.308776425368354,14.018577834721333
14.320948110185778,14.807174887892376
15.532351057014735,14.241511851377322
14.5624599615631,13.614349775784753
15.240871236386932,15.878923766816143
14.401024983984625,14.333760409993594
15.007046764894298,14.972453555413196
14.418962203715568,14.666239590006406
15.290198590647021,13.219090326713646
15.06598334401025,14.725816784112748
14.632927610506085,13.099295323510571
14.748238308776425,13.783472133247917
14.655989750160154,14.886611146700833
14.782831518257527,13.392056374119154
14.278667520819987,15.089045483664318
13.888532991672005,13.86867392696989
15.117873158231903,14.053811659192824
13.935938500960923,13.812940422805895
14.070467648942985,13.524023062139655
13.848174247277386,17.32927610506086
14.650864830237028,14.288276745675848
14.712363869314542,14.559897501601537
14.500320307495196,13.784112748238309
14.720051249199232,16.591928251121075
14.98462524023062,16.42024343369635
15.03267136450993,17.014093529788596
14.525304292120437,13.600256245996157
14.707238949391416,15.352978859705317
14.714285714285714,14.188340807174887
15.012171684817424,15.017296604740551
15.138372837924408,15.119154388212683
14.928251121076233,14.208840486867393
14.943625880845612,15.563100576553492
14.604099935938502,15.250480461242793
15.197309417040358,14.431774503523382
15.089045483664318,15.352978859705317
15.692504804612428,14.640614990390775
14.348494554772582,14.844330557335041
14.823190262652146,14.299167200512493
14.342729019859064,14.647661755285073
14.902626521460602,12.950032030749519
14.682254964766175,15.499039077514414
14.882126841768097,13.302370275464446
14.904548366431774,15.79308135810378
15.065342729019859,14.64381806534273
14.730301089045483,15.055092889173606
14.244714926329276,15.278667520819987
14.449711723254325,15.187059577194105
14.260089686098654,14.749519538757207
14.948750800768739,13.10762331838565
14.457399103139014,16.09096732863549
14.873158231902627,14.824471492632927
14.836002562459962,15.202434336963485
14.973734785393978,15.418962203715568
14.069186418962204,13.81806534272902
13.830237027546445,12.55349135169763
14.928891736066625,15.37155669442665
13.798206278026905,12.193465727098014
14.766175528507366,13.186418962203716
15.486226777706598,14.010890454836643
15.080076873798847,14.236386931454197
14.8193465727098,16.09929532351057
14.338885329916721,13.105701473414477
14.551569506726457,13.773222293401666
14.511851377322229,15.001281229980782
15.227418321588726,14.507367072389494
14.236386931454197,14.822549647661756
13.639333760409993,13.912235746316464
14.241511851377322,12.936579115951313
13.940422805893657,15.559256886611147
14.761050608584242,15.977578475336323
15.045483664317745,16.005124919923126
15.100576553491353,14.362588084561178
14.657270980140936,12.130044843049328
14.54580397181294,14.816784112748238
15.286995515695068,14.382447149263292
14.554772581678412,15.935938500960923
15.303651505445227,16.75080076873799
14.861627162075592,14.043561819346573
14.565022421524663,15.869955156950672
14.920563741191543,15.03395259449071
14.18193465727098,12.997437540038437
14.392696989109545,14.187059577194105
15.24791800128123,13.582319026265214
14.631005765534914,14.167841127482383
14.567584881486226,14.511210762331839
14.481101857783472,15.38052530429212
15.456758488148623,16.002562459961563
13.971812940422806,15.640614990390775
14.841127482383088,14.023062139654067
14.879564381806535,16.408071748878925
14.538116591928251,15.71108263933376
14.798846893017297,14.748878923766815
14.946188340807176,14.32222934016656
14.250480461242793,16.527866752081998
14.571428571428571,14.844330557335041
15.160153747597693,14.594490711082639
14.829596412556054,15.43818065342729
14.295323510570148,13.41319666880205
14.94298526585522,13.654708520179373
14.497117232543241,16.22421524663677
14.48750800768738,15.087123638693145
14.807815502882768,16.96796925048046
14.443946188340806,14.869955156950672
13.720051249199232,15.154388212684177
14.395259449071109,14.880204996796925
13.998078155028828,15.497757847533633
14.292761050608584,13.614990390775144
14.936579115951313,14.113388853299167
14.888532991672005,16.252402306213966
14.450352338244715,16.006406149903906
14.497117232543241,15.488148622677771
15.016655989750161,15.84240871236387
14.832158872517617,13.741832158872517
14.155669442664959,14.201793721973095
14.499679692504804,14.707879564381807
14.68609865470852,13.88468930172966
13.824471492632927,13.25560538116592
14.244074311338885,15.77642536835362
14.796284433055733,14.013452914798206
14.857783472133248,13.965406790518898
14.862267777065984,14.850096092248558
15.407431133888533,13.212684176809738
14.863549007046766,14.212043561819346
14.45419602818706,14.333119795003203
15.03267136450993,14.47149263292761
14.957078795643818,15.89237668161435
15.244074311338885,14.570787956438181
14.632286995515695,15.439461883408072
14.550288276745675,15.044202434336963
14.459320948110186,14.024343369634849
14.673926969891095,15.338885329916721
15.320948110185778,14.937219730941704
14.72709801409353,15.53619474695708
14.143497757847534,14.37091607943626
14.836643177450352,15.076873798846893
14.850096092248558,15.101217168481742
14.06662395900064,14.317104420243433
14.638693145419603,16.35682254964766
14.403587443946188,14.194746957078795
14.42216527866752,15.29724535554132
15.470211402946829,13.99935938500961
15.53683536194747,14.626521460602179
15.073670723894939,14.38052530429212
14.732863549007046,14.791800128122999
14.299807815502882,15.21460602178091
14.76809737347854,18.094811018577836
14.544522741832159,12.423446508648302
14.023062139654067,15.170403587443946
14.767456758488148,15.023062139654067
15.32222934016656,13.434977578475337
14.832158872517617,14.36386931454196
14.541960281870596,15.581678411274824
15.329276105060858,16.087123638693146
14.585522101217169,16.169762972453555
14.632927610506085,14.086483023702755
14.243433696348495,13.946188340807176
15.23959000640615,14.155028827674567
14.971812940422806,12.94234465086483
15.001281229980782,13.524663677130045
14.684176809737348,14.575272261370916
14.16463805253043,13.97437540038437
14.4304932735426,13.54580397181294
14.828955797565664,12.791159513132607
15.044202434336963,12.982703395259449
14.823190262652146,15.12427930813581
14.92504804612428,13.657911595131326
15.110185778347214,15.137732222934016
14.192825112107624,15.204356181934656
14.473414477898784,13.466367713004484
15.351057014734145,14.511210762331839
15.468289557975657,15.596412556053812
14.263292761050609,14.782190903267136
15.00064061499039,14.481742472773863
14.985906470211402,14.134529147982063
14.911595131326074,13.616912235746316
14.71108263933376,13.695707879564381
14.26457399103139,13.723894939141577
14.722613709160795,14.745675848814862
14.591928251121077,14.684176809737348
15.602178090967328,14.770659833440103
14.99167200512492,13.434336963484945
14.67841127482383,13.250480461242793
14.948110185778347,14.174247277386291
14.352978859705317,15.494554772581678
14.57783472133248,14.58744394618834
14.005124919923126,15.305573350416399
14.87572069186419,14.623318385650224
14.062139654067906,14.80973734785394
14.779628443305574,13.914157591287637
14.723894939141577,15.762972453555413
15.086483023702755,14.226777706598334
15.09865470852018,15.7014734144779
14.844971172325433,15.050608584240871
15.185137732222934,13.92568866111467
15.036515054452273,15.361306854580397
14.557335041639975,14.09993593850096
14.655989750160154,14.648942985265855
14.922485586162717,15.324791800128123
14.393978219090327,13.694426649583601
14.787956438180654,13.438821268417682
14.340807174887892,13.895579756566304
14.6598334401025,15.203715566944267
15.069827033952594,14.926329276105061
14.400384368994235,14.071108263933375
14.99935938500961,14.203715566944267
14.063420884048687,14.716207559256887
14.990390775144139,14.681614349775785
15.32991672005125,16.78347213324792
14.837283792440743,14.830877642536835
15.13132607303011,14.37091607943626
14.529788597053171,14.30685458039718
15.286995515695068,15.873798846893017
14.621396540679052,15.492632927610506
14.617552850736708,16.42088404868674
15.395900064061498,16.465086483023704
15.162716207559257,15.773862908392056
14.988468930172965,14.624599615631006
15.849455477258168,14.026905829596412
14.952594490711082,15.49519538757207
15.25560538116592,15.171684817424728
14.920563741191543,13.848814862267776
14.468289557975657,14.558616271620757
15.301089045483664,13.720051249199232
15.434977578475337,14.279948750800768
14.31390134529148,13.968609865470851
14.492632927610506,13.37924407431134
14.389493914157592,16.05829596412556
14.695067264573991,13.885970531710441
15.1736066623959,16.10826393337604
14.447789878283151,15.529788597053171
14.629724535554132,14.71941063420884
14.878923766816143,15.051889814221653
14.461883408071749,13.655989750160154
14.750800768737989,13.030749519538757
15.299167200512493,14.27290198590647
14.706598334401026,14.807815502882768
13.952594490711082,14.772581678411274
13.824471492632927,14.502242152466367
14.83536194746957,15.147341447789879
14.766175528507366,14.810377962844331
14.814221652786674,14.229340166559897
14.183856502242152,15.664958360025624
15.47982062780269,14.238308776425368
14.672005124919924,15.945547725816784
15.260089686098654,13.208199871877001
15.060217809096732,15.477258167841127
15.563100576553492,14.58680333119795
14.938500960922486,13.352338244714927
14.091607943625881,15.449071108263933
14.787956438180654,14.658552210121718
15.194746957078795,14.417680973734786
14.716848174247277,13.386290839205637
14.931454196028188,14.58680333119795
15.031390134529149,15.361306854580397
14.100576553491353,14.416399743754004
14.309417040358744,14.875080076873799
14.689942344650865,16.14029468289558
13.913516976297245,15.201153106982703
15.167200512491993,14.265855221012172
14.907751441383729,14.005765534913516
14.42024343369635,15.50416399743754
14.114670083279949,16.624599615631006
14.511851377322229,13.609865470852018
14.96732863549007,11.85137732222934
14.496476617552851,13.386290839205637
13.464445868033312,14.565663036515055
15.415118513773223,14.076873798846893
14.327354260089686,16.327354260089685
14.659192825112108,13.253683536194748
15.229980781550289,14.96668802049968
14.775144138372838,14.188340807174887
14.791159513132607,14.315182575272262
15.324791800128123,13.750160153747597
14.535554131966688,16.554131966688022
14.932094811018578,16.58680333119795
14.604740550928891,15.424087123638692
15.118513773222293,13.54644458680333
14.741191543882127,14.853299167200513
14.823190262652146,15.819987187700193
14.299807815502882,12.590006406149904
14.257527226137091,14.14926329276105
14.630365150544522,13.671364509929532
14.305573350416399,13.325432415118513
14.77642536835362,15.063420884048687
14.750800768737989,14.723894939141577
14.42216527866752,14.554772581678412
14.056374119154388,14.196668802049969
14.551569506726457,14.137091607943626
15.029468289557975,15.922485586162717
14.981422165278667,14.990390775144139
15.53619474695708,14.946828955797566
14.612427930813581,12.625240230621397
14.513773222293402,12.874439461883409
14.573350416399744,13.663677130044842
14.044843049327355,14.447789878283151
14.563741191543881,14.401024983984625
14.37988468930173,13.839846252402307
14.853299167200513,14.185778347213326
13.937860345932094,14.221012171684817
14.648942985265855,12.665598975016016
15.384368994234466,14.862267777065984
14.216527866752083,13.12363869314542
14.93401665598975,15.771300448430493
14.740550928891736,15.151825752722614
14.708520179372197,13.651505445227418
14.477898782831518,14.878283151825753
14.959641255605382,15.88404868673927
15.374759769378603,16.546444586803332
15.312620115310699,15.55349135169763
14.70339525944907,14.450992953235106
15.104420243433696,14.307495195387572
14.873158231902627,16.911595131326074
14.940422805893657,12.362588084561178
14.381806534272902,13.395259449071109
14.540679051889814,15.493914157591288
14.34785393978219,15.472133247918002
15.542600896860986,16.28058936579116
15.197309417040358,14.044843049327355
15.053811659192824,13.592568866111467
15.20627802690583,13.716207559256887
15.08199871877002,14.79308135810378
14.844330557335041,15.75976937860346
14.978859705317104,17.350416399743754
14.808456117873158,15.427930813581037
14.899423446508647,14.564381806534273
14.02498398462524,13.94234465086483
15.089686098654708,14.095451633568226
14.390775144138372,13.294042280589366
15.07495195387572,16.534913516976296
14.679692504804612,15.130044843049328
14.376040999359384,16.119795003203073
14.949391415759129,13.414477898782831
14.571428571428571,12.985265855221012
14.266495836002562,13.765534913516976
14.973734785393978,13.650864830237028
14.461883408071749,15.362588084561178
14.833440102498399,15.629724535554132
14.66944266495836,14.41319666880205
14.481101857783472,13.34785393978219
15.012812299807816,15.048046124279308
14.741832158872517,14.593850096092249
15.292761050608584,15.362588084561178
14.60345932094811,14.885970531710441
14.979500320307496,14.756566303651505
14.544522741832159,13.29724535554132
14.40422805893658,13.11595131326073
14.317104420243433,16.22421524663677
15.163356822549648,15.134529147982063
15.397821909032672,14.427930813581037
14.552850736707239,14.447789878283151
14.64381806534273,14.336963484945548
14.82703395259449,14.313260730301089
14.64509929532351,15.83536194746957
15.11531069827034,14.737988468930173
15.122998078155028,12.911595131326074
14.784753363228699,14.944907110826394
14.972453555413196,14.670723894939142
14.825112107623319,13.81742472773863
14.106982703395259,15.285073670723895
14.426649583600256,14.608584240871236
15.552210121716849,14.508648302370275
14.717488789237668,13.90006406149904
14.484304932735427,14.488148622677771
15.02498398462524,13.524663677130045
14.878923766816143,14.734144778987828
15.408071748878923,14.880204996796925
14.425368353619474,15.392056374119154
14.739910313901346,14.127482383087765
14.88404868673927,14.823830877642537
15.258808456117873,14.439461883408072
15.218449711723254,14.060217809096732
14.866111467008327,15.755285073670724
14.557975656630365,14.641896220371557
15.845611787315823,15.508648302370275
15.146060217809097,17.500960922485586
13.950032030749519,15.053811659192824
14.880204996796925,15.907110826393337
14.590647021140295,16.146060217809097
15.046764894298526,12.845611787315823
14.279948750800768,13.060858424087124
15.397821909032672,14.037155669442665
14.91800128122998,14.668161434977579
14.37988468930173,13.649583600256246
14.75272261370916,15.836002562459962
14.706598334401026,14.721332479180013
15.114670083279949,14.419602818705958
14.885970531710441,14.846252402306215
14.483023702754645,14.103779628443306
14.96604740550929,16.837924407431135
14.75976937860346,14.62908392056374
15.12427930813581,13.483664317745035
14.416399743754004,14.516335682254965
14.216527866752083,14.85137732222934
14.470211402946829,14.320948110185778
14.472133247918002,13.465086483023702
14.945547725816784,15.837924407431133
14.051889814221653,14.993593850096092
14.923766816143498,13.762331838565023
14.65214606021781,14.598975016015375
14.607303010890455,14.315823190262652
14.215887251761691,15.734144778987828
15.24791800128123,13.627802690582959
14.372837924407431,15.713645099295324
14.447149263292761,13.222293401665599
14.700832799487507,16.957078795643817
15.089686098654708,15.158231902626522
14.41255605381166,14.112748238308777
14.285073670723895,14.394618834080717
14.109545163356822,14.852017937219731
14.800768737988468,14.362588084561178
14.657270980140936,13.76809737347854
14.34785393978219,14.433696348494555
14.468930172966047,14.128122998078155
14.957719410634208,15.575912876361308
14.94234465086483,14.111467008327995
14.844330557335041,14.246636771300448
14.89237668161435,14.96668802049968
14.789237668161435,13.803331197950031
14.616912235746316,15.7014734144779
14.41319666880205,15.315182575272262
14.9583600256246,15.393337604099935
14.319026265214607,14.720691864189622
15.152466367713005,14.860986547085203
13.965406790518898,13.808456117873158
14.839846252402307,12.739269698910954
14.631646380525304,17.13132607303011
14.944266495836002,14.225496476617552
14.880204996796925,15.092889173606663
15.114029468289559,14.460602178090967
15.5624599615631,13.606021780909673
14.878923766816143,13.759128763613068
14.600896860986547,13.491351697629725
14.907110826393337,12.716207559256887
14.79372197309417,15.040358744394618
14.757206918641897,13.815502882767456
14.386290839205637,14.572069186418963
14.733504163997438,14.5624599615631
14.23190262652146,13.762331838565023
14.646380525304291,15.32991672005125
14.680973734785393,13.502242152466367
14.27354260089686,15.023702754644459
14.424087123638692,16.43689942344651
14.679051889814222,14.965406790518898
14.670723894939142,13.696989109545163
14.62844330557335,16.24855861627162
14.695067264573991,14.943625880845612
14.838565022421525,14.431133888532992
14.632286995515695,13.926329276105061
14.031390134529149,16.042921204356183
14.840486867392697,15.31390134529148
15.195387572069187,13.540038436899424
14.524663677130045,14.278667520819987
14.711723254324152,15.080717488789238
14.871877001921845,14.945547725816784
14.648302370275465,13.14926329276105
14.078155028827675,12.80973734785394
14.580397181294042,15.540038436899424
14.821909032671364,13.541319666880206
14.241511851377322,14.866111467008327
15.105701473414477,12.64381806534273
14.22421524663677,13.559897501601537
14.825112107623319,13.689301729660475
14.683536194746956,13.237668161434977
15.071748878923767,13.582319026265214
15.128122998078155,14.269698910954517
15.178090967328636,15.658552210121718
14.780269058295964,15.094811018577834
15.163997437540038,13.146060217809097
14.581037796284432,14.908392056374119
13.862908392056374,13.960281870595772
14.864830237027546,13.2985265855221
14.612427930813581,15.088404868673926
15.335041639974376,14.544522741832159
15.25624599615631,15.186418962203716
14.659192825112108,13.951953875720692
14.3888532991672,13.043561819346573
14.841768097373478,13.663677130044842
15.45355541319667,15.80140935297886
14.125560538116591,12.890454836643178
14.23959000640615,14.863549007046766
14.568225496476618,13.780269058295964
13.96604740550929,17.171684817424726
14.509288917360665,15.659192825112108
14.547725816784112,12.647661755285073
14.559897501601537,14.044202434336963
15.18257527226137,14.470211402946829
14.395259449071109,13.85970531710442
14.105060858424087,14.94298526585522
14.75208199871877,13.18257527226137
14.290198590647021,13.365791159513133
15.220371556694426,14.228699551569507
14.831518257527225,13.556053811659194
14.367713004484305,15.171044202434336
14.607303010890455,14.068545803971812
14.08263933376041,14.124919923126201
14.953235105701474,13.980781550288278
14.871236386931454,14.79308135810378
14.245996156310058,12.865470852017937
14.840486867392697,14.806534272901986
15.118513773222293,13.812299807815503
14.823830877642537,15.079436258808457
14.906470211402947,14.577194106342088
14.390134529147982,13.537475976937861
15.354260089686099,14.064061499039077
14.405509288917361,12.80204996796925
14.527226137091608,13.732222934016656
14.429212043561819,14.390134529147982
15.114029468289559,13.261370916079436
14.602178090967328,14.490070467648943
14.021780909673286,13.047405509288918
14.767456758488148,14.945547725816784
13.939782190903268,13.656630365150544
14.951953875720692,15.790518898142217
14.889173606662396,14.544522741832159
13.986547085201794,13.026265214606022
14.630365150544522,14.699551569506726
15.55349135169763,14.094170403587444
14.788597053171044,14.86034593209481
14.60345932094811,14.531069827033953
14.732222934016656,14.843689942344652
14.496476617552851,15.518898142216528
14.968609865470851,15.401024983984625
14.20627802690583,13.798206278026905
14.257527226137091,15.511851377322229
13.898142216527868,14.319666880204997
15.362588084561178,16.618834080717487
14.627162075592569,13.523382447149263
14.635490070467648,14.55413196668802
14.43818065342729,14.616912235746316
15.168481742472775,13.6598334401025
14.05765534913517,13.857783472133248
15.007046764894298,15.586162716207559
14.6111467008328,14.939782190903268
15.152466367713005,16.588725176169124
14.919923126201153,13.59513132607303
14.548366431774504,13.720691864189622
14.481742472773863,13.680333119795003
14.509288917360665,16.226137091607942
14.10762331838565,15.500320307495196
14.88404868673927,15.005765534913516
14.764253683536195,14.16527866752082
14.663036515054452,15.02498398462524
15.004484304932735,13.875080076873799
14.299167200512493,13.178090967328636
14.650224215246636,16.28058936579116
14.50480461242793,15.118513773222293
15.349135169762972,14.802690582959642
14.54580397181294,13.96668802049968
14.50480461242793,14.830877642536835
14.816784112748238,14.879564381806535
15.042280589365792,15.42024343369635
14.4791800128123,15.381806534272902
13.898142216527868,14.508648302370275
14.68609865470852,13.160794362588085
14.253683536194748,14.349135169762972
14.699551569506726,13.971172325432414
14.834080717488789,15.80973734785394
14.688661114670083,16.367072389493913
14.66175528507367,13.418962203715568
14.351697629724535,12.689942344650865
13.92568866111467,14.046764894298526
14.324791800128123,16.456758488148623
14.267136450992954,14.980140935297886
15.154388212684177,14.447149263292761
15.049967969250481,15.878923766816143
14.582319026265214,16.410634208840488
14.443305573350417,13.743113388853299
14.295323510570148,13.967969250480461
15.104420243433696,13.73542600896861
14.721332479180013,14.607943625880846
14.745035233824472,12.956438180653427
15.393978219090327,14.046124279308136
14.679692504804612,14.004484304932735
14.935938500960923,16.198590647021142
13.920563741191543,14.232543241511852
14.467648942985265,14.94234465086483
14.711723254324152,14.671364509929532
14.935297885970531,14.581678411274824
14.905188981422166,15.911595131326074
14.90198590647021,13.823190262652146
14.887892376681615,13.084561178731583
15.592568866111467,14.947469570787957
15.06598334401025,12.987828315182576
14.898142216527868,12.560538116591928
14.878283151825753,14.547085201793722
15.290839205637411,14.018577834721333
14.368994234465086,15.319026265214607
14.977578475336323,13.638052530429212
14.639974375400385,14.047405509288918
14.77642536835362,13.88404868673927
14.532351057014735,13.715566944266495
14.287636130685458,13.649583600256246
14.911595131326074,14.14862267777066
15.552210121716849,15.5624599615631
15.25624599615631,15.309417040358744
14.673286354900705,14.192825112107624
14.994875080076874,14.574631646380526
14.261370916079436,15.20691864189622
14.704676489429852,13.507367072389494
15.377962844330558,13.399743754003843
15.096732863549008,13.417680973734786
14.158231902626522,14.97437540038437
14.143497757847534,13.836002562459962
15.29724535554132,13.829596412556054
14.653427290198591,16.196668802049967
14.967969250480461,14.450352338244715
15.083920563741192,13.944907110826394
14.382447149263292,16.044843049327355
15.018577834721333,14.73478539397822
14.689942344650865,15.09096732863549
14.71877001921845,13.105060858424087
14.152466367713005,14.019859064702114
15.452274183215888,14.290839205637411
15.154388212684177,14.356822549647662
15.679692504804612,15.818705957719411
14.723894939141577,14.584881486226777
14.604099935938502,13.796284433055733
13.656630365150544,13.780909673286354
15.329276105060858,14.191543882126842
14.667520819987187,13.912876361306855
13.927610506085843,14.65214606021781
14.315182575272262,14.625880845611787
14.737347853939783,15.062780269058296
14.732222934016656,14.796284433055733
15.055733504163998,14.67777065983344
15.30621396540679,13.883408071748878
14.810377962844331,12.941704035874439
14.07495195387572,15.802690582959642
14.926329276105061,13.529788597053171
14.117232543241512,12.996796925048047
14.992953235105702,13.905188981422166
14.771300448430493,14.820627802690582
15.06598334401025,12.742472773862909
15.224855861627162,14.732863549007046
14.473414477898784,15.825752722613709
14.828955797565664,15.540038436899424
14.642536835361948,13.803331197950031
15.19795003203075,13.244714926329276
14.304932735426009,13.21396540679052
14.638693145419603,13.870595771941064
14.416399743754004,15.805253042921205
15.270339525944907,14.8193465727098
14.459961563100576,16.277386290839207
14.812299807815503,14.555413196668802
14.260730301089046,15.48750800768738
14.64445868033312,13.367072389493915
14.843689942344652,14.679051889814222
15.326073030108905,14.397821909032672
15.14029468289558,15.668161434977579
15.237027546444587,13.981422165278667
14.490070467648943,16.17488789237668
14.3401665598975,14.93337604099936
13.975656630365151,14.058295964125561
15.055733504163998,14.714285714285714
14.787315823190262,13.458680333119794
15.043561819346573,13.7014734144779
14.955797565663037,13.465086483023702
14.96732863549007,13.114029468289559
14.385650224215247,13.784753363228699
15.069186418962204,14.012171684817424
14.633568225496477,15.42985265855221
14.399743754003843,14.995515695067265
14.869314541960282,14.761050608584242
14.614349775784753,13.211402946828956
13.912235746316464,14.734144778987828
14.913516976297245,13.755285073670724
14.672645739910314,13.497117232543241
14.704676489429852,14.117873158231903
14.580397181294042,13.777065983344011
14.971172325432414,13.358103779628443
14.902626521460602,15.010890454836643
15.030108904548367,15.317104420243433
14.610506085842408,15.192184497117232
14.772581678411274,13.556694426649583
14.155028827674567,15.663036515054452
14.737347853939783,15.563741191543881
14.872517616912235,14.049967969250481
14.797565663036515,16.089045483664318
14.361947469570788,14.393978219090327
14.094170403587444,14.286354900704676
14.457399103139014,14.746316463805252
14.350416399743754,15.517616912235747
14.784753363228699,15.47149263292761
14.996796925048047,14.142857142857142
14.740550928891736,14.138372837924408
14.72645739910314,16.409993593850096
15.527226137091608,14.509929532351057
14.873158231902627,14.93337604099936
14.57847533632287,12.766816143497758
14.727738629083921,16.312620115310697
14.585522101217169,14.584881486226777
14.855861627162076,16.98398462524023
15.251761691223575,14.766816143497758
14.880845611787317,14.503523382447149
14.650224215246636,15.005124919923126
14.130685458039718,13.162716207559257
14.317745035233825,15.390134529147982
15.167841127482383,15.076873798846893
14.395900064061498,15.615631005765534
14.002562459961563,15.138372837924408
14.806534272901986,15.804612427930813
14.928891736066625,14.514413837283792
15.672005124919924,14.88468930172966
14.616271620755926,13.195387572069187
14.42152466367713,14.950032030749519
14.649583600256246,14.270980140935299
14.796284433055733,16.42985265855221
14.125560538116591,14.397821909032672
14.63677130044843,14.211402946828956
14.955156950672645,15.700832799487507
14.770659833440103,15.216527866752083
14.584240871236387,14.286995515695068
14.102498398462524,15.165919282511211
14.352978859705317,14.639974375400385
14.237027546444587,14.716848174247277
14.99167200512492,14.18257527226137
14.825112107623319,16.33888532991672
14.287636130685458,14.804612427930813
14.771300448430493,14.961563100576553
15.167841127482383,15.138372837924408
14.593850096092249,16.33824471492633
14.696348494554773,12.867392696989109
14.777065983344011,15.419602818705958
14.52914798206278,13.33055733504164
13.978859705317104,13.270980140935299
14.295964125560538,13.566303651505445
14.442664958360025,14.994234465086484
14.897501601537476,14.788597053171044
14.956438180653427,14.210762331838565
14.577194106342088,16.649583600256246
15.18193465727098,13.969250480461243
14.308776425368354,14.558616271620757
15.414477898782831,14.846893017296605
15.350416399743754,13.556694426649583
14.096732863549008,15.641896220371557
14.632927610506085,13.61947469570788
14.467008327994876,13.676489429852658
14.593850096092249,13.935938500960923
14.834080717488789,12.767456758488148
15.028187059577194,13.828955797565664
15.364509929532352,14.747597693786034
14.538757206918643,15.606662395900065
15.368353619474696,13.754003843689942
15.073030108904549,14.024343369634849
15.292761050608584,14.71108263933376
14.928891736066625,14.059577194106343
14.664958360025624,14.522741832158873
14.550288276745675,14.75976937860346
15.242152466367713,15.30685458039718
14.38116591928251,15.493273542600896
14.459320948110186,15.28122998078155
14.772581678411274,13.722613709160795
14.811659192825113,13.530429212043561
14.972453555413196,15.167200512491993
15.98462524023062,14.295964125560538
14.557975656630365,13.14029468289558
14.614990390775144,13.559256886611147
14.910954516335682,13.475976937860345
14.820627802690582,13.612427930813581
14.821909032671364,15.007046764894298
15.736707238949391,12.926329276105061
14.996156310057655,13.006406149903908
14.66239590006406,15.040358744394618
14.551569506726457,15.788597053171044
15.038436899423447,14.155669442664959
14.244074311338885,13.844330557335041
14.57975656630365,15.07431133888533
14.987187700192184,14.85842408712364
14.908392056374119,15.267777065983344
14.832158872517617,15.199231262011532
14.784753363228699,13.973734785393978
15.57975656630365,14.81806534272902
14.395259449071109,13.385009609224856
14.470211402946829,14.72645739910314
14.910954516335682,14.796925048046123
14.639333760409993,14.406149903907751
14.81806534272902,15.898782831518258
14.8263933376041,15.125560538116591
14.805253042921205,14.654708520179373
14.961563100576553,14.0416399743754
15.241511851377322,14.525944907110826
15.37091607943626,15.885970531710441
15.028187059577194,14.14926329276105
14.226777706598334,14.511851377322229
14.538757206918643,16.419602818705958
14.910954516335682,16.474695707879565
14.44586803331198,14.442664958360025
13.956438180653427,14.898142216527868
14.197309417040358,14.57911595131326
14.09993593850096,15.080076873798847
14.712363869314542,15.009609224855861
14.970531710442025,15.348494554772582
14.544522741832159,15.358103779628443
14.996156310057655,16.730301089045483
14.53619474695708,13.5624599615631
14.42985265855221,14.1319666880205
14.277386290839205,13.290839205637411
14.772581678411274,13.130044843049328
14.8263933376041,15.443305573350417
15.17296604740551,13.310698270339525
15.461883408071749,16.212684176809738
14.317745035233825,14.661114670083279
14.762331838565023,13.570787956438181
14.42088404868674,14.205637411915438
14.42024343369635,13.883408071748878
15.252402306213966,14.490070467648943
14.750160153747597,14.281870595771942
14.765534913516976,14.869314541960282
14.557335041639975,13.509288917360665
14.406790518898141,14.610506085842408
14.880845611787317,17.03203074951954
14.166559897501601,15.051889814221653
14.708520179372197,13.822549647661756
15.52850736707239,14.755285073670724
14.532991672005124,13.14029468289558
14.854580397181294,14.94298526585522
15.05701473414478,13.583600256245996
15.135810377962844,13.43818065342729
15.007046764894298,13.540679051889814
15.414477898782831,15.147341447789879
14.791800128122999,14.878923766816143
15.38052530429212,15.234465086483024
14.205637411915438,14.589365791159514
14.061499039077514,14.90134529147982
14.741832158872517,14.18193465727098
14.721973094170403,13.252402306213966
15.087764253683536,14.233183856502242
15.021140294682896,13.385009609224856
14.758488148622678,14.452914798206278
14.443305573350417,13.080717488789238
14.178090967328636,16.005124919923126
14.279308135810378,14.787315823190262
15.137732222934016,15.290198590647021
15.212043561819346,14.532991672005124
15.138372837924408,14.040358744394618
15.069827033952594,13.24727738629084
14.729660474055093,16.863549007046764
14.376040999359384,13.071108263933375
15.092889173606663,13.128763613068546
15.083920563741192,13.813581037796284
14.112748238308777,15.101857783472132
14.341447789878282,13.092248558616271
15.242152466367713,15.433055733504164
14.26457399103139,14.869314541960282
14.475336322869955,15.672645739910314
13.779628443305574,14.217809096732864
14.838565022421525,13.796925048046123
14.931454196028188,14.428571428571429
14.501601537475977,14.230621396540679
13.85073670723895,14.946188340807176
14.494554772581678,16.01601537475977
15.269058295964125,14.183215887251762
15.203715566944267,15.216527866752083
14.18257527226137,13.934657270980141
14.957719410634208,13.921204356181935
15.20691864189622,12.203074951953877
14.64445868033312,15.814862267777066
14.557975656630365,15.030749519538757
15.252402306213966,14.946188340807176
14.756566303651505,13.424727738629084
14.395259449071109,13.673286354900705
15.407431133888533,14.638693145419603
14.664317745035234,14.73542600896861
14.736707238949391,14.91736066623959
13.986547085201794,16.12171684817425
14.24023062139654,13.550288276745675
14.903907751441384,13.311979500320307
14.053171044202434,15.218449711723254
15.032030749519539,14.716207559256887
14.211402946828956,13.878283151825753
15.522101217168482,13.69378603459321
14.500320307495196,17.351057014734145
13.912876361306855,15.490070467648943
14.434977578475337,14.013452914798206
14.673926969891095,15.261370916079436
14.825752722613709,15.079436258808457
14.747597693786034,15.318385650224215
14.249839846252403,16.459961563100578
15.304292120435619,15.036515054452273
14.3401665598975,13.798846893017297
14.629724535554132,15.142216527866752
14.954516335682255,13.045483664317745
15.043561819346573,14.543882126841767
15.099295323510571,12.6598334401025
14.91736066623959,14.743113388853299
15.053811659192824,14.64445868033312
15.108904548366432,14.736066623959001
14.627802690582959,14.588725176169122
14.4375400384369,14.402946828955798
14.898782831518258,16.89237668161435
14.773862908392056,13.361306854580397
14.04932735426009,14.717488789237668
14.51313260730301,14.894939141575913
14.37924407431134,13.964766175528508
15.717488789237668,15.79372197309417
14.704676489429852,14.696989109545163
13.957078795643818,13.477898782831518
14.411274823830878,13.051889814221653
14.498398462524023,13.805893657911595
14.469570787956439,14.488789237668161
14.800768737988468,15.998078155028828
14.998718770019218,13.638693145419603
14.397821909032672,14.80204996796925
15.01793721973094,13.607303010890455
15.830237027546445,13.95067264573991
14.910313901345292,13.539397821909033
14.597693786034593,14.646380525304291
15.38116591928251,13.99231262011531
14.6527866752082,13.642536835361948
15.035874439461884,15.836643177450352
14.428571428571429,15.053811659192824
15.267777065983344,14.613068545803971
14.543882126841767,14.503523382447149
15.210762331838565,14.916720051249198
15.212684176809738,16.300448430493272
14.813581037796284,14.27290198590647
13.98462524023062,14.1736066623959
14.144778987828316,14.616912235746316
14.1736066623959,13.25624599615631
15.228058936579115,14.69314541960282
14.118513773222293,15.830877642536835
15.037155669442665,13.64445868033312
14.83536194746957,14.228058936579115
15.377962844330558,14.625240230621397
14.864189622037156,14.80909673286355
15.076873798846893,13.736066623959001
15.146700832799487,15.055733504163998
14.418321588725176,14.981422165278667
14.003843689942345,12.962203715566945
14.395900064061498,13.88468930172966
14.625880845611787,14.609224855861628
14.907751441383729,13.36386931454196
15.001281229980782,13.66944266495836
15.101217168481742,13.91736066623959
14.716848174247277,13.541319666880206
14.913516976297245,13.869955156950672
14.670723894939142,15.303651505445227
14.418962203715568,16.56053811659193
14.69378603459321,14.663036515054452
15.39654067905189,13.923766816143498
14.891095451633568,14.418321588725176
14.627802690582959,13.522741832158873
14.952594490711082,14.374119154388213
14.358744394618833,14.684817424727738
14.491351697629725,15.779628443305574
15.014093529788598,13.872517616912235
13.927610506085843,15.610506085842408
14.770019218449711,15.991031390134529
14.8680333119795,13.315182575272262
14.433696348494555,12.996156310057655
14.639974375400385,12.780909673286354
14.550288276745675,15.593209481101859
14.37924407431134,13.564381806534273
14.408071748878923,15.847533632286995
14.813581037796284,15.019218449711722
14.765534913516976,15.450352338244715
14.848814862267776,14.023702754644459
14.864189622037156,12.803971812940423
13.434977578475337,15.188981422165279
14.506085842408712,13.188981422165279
14.635490070467648,13.74439461883408
14.89237668161435,13.758488148622678
14.791800128122999,13.7014734144779
14.731582319026264,13.98206278026906
14.944266495836002,13.80973734785394
15.007046764894298,12.679051889814222
14.365791159513133,15.887892376681615
14.356822549647662,14.146060217809097
14.655349135169763,16.344010249839847
14.299167200512493,13.949391415759129
14.575912876361308,13.96732863549007
14.565663036515055,13.311338885329917
15.98398462524023,15.089686098654708
14.194106342088405,13.659192825112108
15.122357463164638,14.356822549647662
14.807174887892376,14.963484945547727
14.465727098014094,15.32222934016656
14.069827033952594,14.717488789237668
14.857142857142858,14.245996156310058
14.608584240871236,13.688020499679693
14.689942344650865,15.584881486226777
14.912235746316464,13.72645739910314
14.351697629724535,14.825752722613709
14.290198590647021,14.980781550288278
14.300448430493274,16.588725176169124
15.060217809096732,15.27290198590647
14.470211402946829,11.994875080076874
14.866111467008327,14.026265214606022
14.400384368994235,14.200512491992313
15.323510570147342,15.970531710442025
13.988468930172965,15.646380525304291
14.733504163997438,14.394618834080717
14.722613709160795,15.91800128122998
15.161434977578475,16.546444586803332
15.37988468930173,15.092248558616271
15.338885329916721,13.960281870595772
14.728379244074311,13.419602818705958
14.84304932735426,13.399743754003843
14.260089686098654,13.237668161434977
15.076233183856502,14.28058936579116
15.111467008327995,15.968609865470851
15.358744394618833,13.156310057655348
14.886611146700833,14.305573350416399
14.213324791800128,14.707238949391416
14.14029468289558,15.143497757847534
14.610506085842408,14.676489429852658
14.287636130685458,15.053811659192824
14.656630365150544,15.03331197950032
14.236386931454197,13.837924407431133
14.290839205637411,15.195387572069187
15.598334401024983,12.77642536835362
15.013452914798206,15.070467648942985
14.57975656630365,14.88468930172966
14.524663677130045,14.682254964766175
13.877642536835362,15.007046764894298
15.087764253683536,14.666880204996797
15.843689942344652,14.246636771300448
14.704676489429852,15.940422805893657
13.998078155028828,14.91736066623959
14.458039718129404,12.85842408712364
15.403587443946188,13.97501601537476
15.30685458039718,13.894939141575913
14.554772581678412,14.351057014734145
14.490070467648943,13.267777065983344
14.023062139654067,15.022421524663677
14.71108263933376,16.211402946828954
14.679051889814222,13.45419602818706
14.386290839205637,15.491992312620114
15.083920563741192,17.10057655349135
14.720691864189622,14.024343369634849
14.127482383087765,13.766175528507366
14.278026905829597,15.14157591287636
14.445227418321588,13.878923766816143
14.66175528507367,13.869955156950672
14.907110826393337,13.14926329276105
15.023062139654067,14.160794362588085
14.550288276745675,12.72709801409353
15.053811659192824,14.857783472133248
14.659192825112108,14.730941704035875
14.386931454196029,15.093529788597053
14.36322869955157,14.674567584881487
14.731582319026264,14.750160153747597
15.288276745675848,14.656630365150544
15.67777065983344,15.452914798206278
14.567584881486226,14.976297245355541
14.080076873798847,12.424727738629084
14.880204996796925,15.657270980140936
14.219730941704036,15.055092889173606
14.028187059577194,15.518898142216528
15.078795643818065,13.488148622677771
14.286995515695068,14.299167200512493
14.827674567584882,14.008968609865471
15.017296604740551,16.05765534913517
14.820627802690582,13.408712363869315
14.77578475336323,14.130685458039718
15.112748238308777,14.317745035233825
14.426008968609866,15.475976937860345
14.172325432415118,14.745675848814862
14.366431774503523,15.771941063420885
14.358103779628443,16.004484304932735
14.89173606662396,11.650224215246636
14.756566303651505,13.294682895579756
14.344010249839846,13.97437540038437
15.26521460602178,13.750800768737989
13.873798846893017,14.888532991672005
14.087123638693145,14.38821268417681
14.934657270980141,14.720691864189622
14.461883408071749,15.705957719410634
14.913516976297245,14.675848814862269
15.158231902626522,15.907751441383729
15.00832799487508,14.424087123638692
14.444586803331198,13.278026905829597
15.369634849455478,13.886611146700833
14.996156310057655,15.333119795003203
14.227418321588726,16.459320948110186
15.343369634849456,14.440743113388853
15.01537475976938,14.101857783472132
14.650864830237028,15.90903267136451
15.04932735426009,14.990390775144139
14.692504804612428,14.62075592568866
14.926969891095451,16.500960922485586
14.01793721973094,14.414477898782831
14.427290198590647,15.524663677130045
14.234465086483024,17.33055733504164
13.915438821268417,13.390134529147982
14.939782190903268,13.24023062139654
14.401024983984625,14.185778347213326
14.815502882767456,16.15566944266496
14.443946188340806,14.936579115951313
15.484945547725816,14.638693145419603
14.638052530429212,13.167841127482383
14.516335682254965,14.269698910954517
14.4375400384369,13.5695067264574
14.153106982703395,14.242793081358103
14.649583600256246,15.99935938500961
14.399103139013453,12.894939141575913
14.780269058295964,14.741832158872517
14.101857783472132,13.6598334401025
14.71877001921845,13.6527866752082
14.821268417680974,14.585522101217169
14.285073670723895,14.197309417040358
14.0,14.850096092248558
14.62011531069827,13.975656630365151
14.848814862267776,15.483023702754645
14.970531710442025,12.33055733504164
14.147341447789879,14.106342088404869
14.581037796284432,13.257527226137091
14.381806534272902,13.800128122998078
14.932094811018578,14.081358103779628
15.071748878923767,15.573991031390134
13.535554131966688,17.00960922485586
14.068545803971812,15.845611787315823
15.191543882126842,13.331838565022421
14.9096732863549,13.527226137091608
14.440743113388853,14.212684176809738
14.729019859064701,14.187059577194105
14.762331838565023,13.90198590647021
14.299807815502882,16.3542600896861
15.192825112107624,14.183856502242152
14.684817424727738,15.572069186418963
15.156310057655348,14.235746316463805
15.042280589365792,13.680333119795003
14.616271620755926,13.642536835361948
14.316463805253044,13.606021780909673
15.23190262652146,14.65214606021781
15.343369634849456,14.442664958360025
14.627162075592569,16.55925688661115
14.894298526585523,13.28058936579116
15.101217168481742,13.629724535554132
14.720691864189622,13.275464445868034
15.147341447789879,15.424087123638692
14.550288276745675,13.552850736707239
14.392056374119154,16.33696348494555
14.850096092248558,15.271620755925689
15.044843049327355,12.987187700192184
14.299807815502882,15.224855861627162
14.470211402946829,14.612427930813581
14.668161434977579,13.596412556053812
14.04932735426009,13.283792440743113
14.42152466367713,13.126201153106983
14.299167200512493,14.046764894298526
14.688661114670083,14.07431133888533
14.67841127482383,16.028187059577196
14.509929532351057,14.07495195387572
14.704676489429852,14.862267777065984
14.509288917360665,15.096732863549008
14.822549647661756,14.506085842408712
14.821268417680974,13.811659192825113
14.614349775784753,13.963484945547727
13.782190903267136,14.283792440743113
14.609865470852018,13.211402946828956
14.457399103139014,16.523382447149263
15.508007687379886,15.097373478539398
14.824471492632927,13.803971812940423
15.535554131966688,15.344650864830237
16.244714926329276,13.72645739910314
14.398462524023062,12.782190903267136
15.086483023702755,14.623318385650224
14.766175528507366,13.009609224855861
15.468930172966047,15.751441383728379
15.128763613068546,14.90198590647021
15.016655989750161,15.151825752722614
14.982703395259449,12.734144778987828
14.57847533632287,15.577194106342088
14.260089686098654,14.006406149903908
15.128122998078155,15.758488148622678
14.718129404228058,14.55413196668802
14.90198590647021,13.329276105060858
14.513773222293402,15.237668161434977
14.431133888532992,14.599615631005765
14.149903907751442,15.087764253683536
15.349775784753364,16.10057655349135
14.676489429852658,13.93337604099936
14.837924407431133,13.596412556053812
14.28058936579116,14.506726457399104
14.381806534272902,14.320307495195388
15.38052530429212,12.80973734785394
14.53683536194747,14.22421524663677
14.766816143497758,14.153747597693785
14.956438180653427,16.29019859064702
13.92504804612428,16.219730941704036
14.384368994234466,15.501601537475977
15.114029468289559,14.211402946828956
15.238949391415758,14.638693145419603
14.612427930813581,14.797565663036515
14.450992953235106,13.183215887251762
14.681614349775785,13.183215887251762
14.6598334401025,13.499679692504804
14.357463164638052,14.527866752081998
13.955156950672645,15.63613068545804
14.568866111467008,15.704035874439462
15.37988468930173,16.67905188981422
14.919923126201153,13.717488789237668
14.709160794362589,13.23190262652146
13.885329916720051,14.217809096732864
14.994234465086484,13.875080076873799
15.099295323510571,14.657270980140936
15.64381806534273,15.667520819987187
14.425368353619474,15.263933376040999
14.973094170403588,14.987187700192184
14.120435618193465,14.035874439461884
14.316463805253044,14.690582959641256
14.839205637411915,14.712363869314542
14.509288917360665,13.241511851377322
13.53683536194747,13.908392056374119
14.039077514413837,12.761691223574632
14.545163356822549,14.040358744394618
14.573991031390134,13.395259449071109
14.66175528507367,18.192825112107624
14.950032030749519,15.105701473414477
15.069827033952594,14.208840486867393
14.618193465727098,14.467008327994876
14.527226137091608,15.907751441383729
13.896860986547086,14.203074951953877
14.775144138372838,14.10826393337604
14.203715566944267,14.6527866752082
14.590006406149904,15.686739269698911
13.921204356181935,14.31454196028187
15.406149903907751,13.62075592568866
14.449071108263933,15.199231262011532
14.226137091607944,13.09801409352979
14.524663677130045,14.361947469570788
14.291479820627803,13.75208199871877
14.22357463164638,13.664958360025624
14.680973734785393,17.051889814221653
14.350416399743754,14.607303010890455
14.145419602818706,12.903267136450992
15.244074311338885,14.672645739910314
15.442024343369635,17.26457399103139
14.704676489429852,15.249199231262011
13.57783472133248,14.777706598334401
14.976937860345933,15.524663677130045
14.443946188340806,17.1319666880205
14.581678411274824,12.532351057014735
14.543882126841767,14.54644458680333
14.417680973734786,14.43818065342729
14.807815502882768,14.745035233824472
14.418321588725176,14.285714285714286
15.217168481742473,15.351057014734145
14.324151185137731,15.299167200512493
15.147341447789879,15.401665598975017
15.294682895579756,14.28122998078155
14.952594490711082,13.541960281870596
15.237027546444587,14.893017296604741
15.343369634849456,13.720051249199232
15.00832799487508,17.56310057655349
14.85970531710442,15.524023062139655
14.03395259449071,15.798206278026905
13.980781550288278,14.831518257527225
14.299167200512493,15.279308135810378
14.574631646380526,16.99871877001922
14.081358103779628,15.996796925048047
14.604740550928891,13.031390134529149
14.943625880845612,12.91800128122998
14.42088404868674,15.871877001921845
14.464445868033312,14.891095451633568
15.064702114029469,15.046124279308136
15.691223574631646,14.049967969250481
14.521460602178092,14.095451633568226
14.418321588725176,13.968609865470851
14.593850096092249,13.509288917360665
13.903907751441384,12.986547085201794
14.88404868673927,15.278026905829597
13.659192825112108,13.556694426649583
14.44650864830237,16.336322869955158
14.573350416399744,15.935938500960923
14.90134529147982,14.673286354900705
14.475976937860345,14.302370275464446
14.584881486226777,13.464445868033312
14.352338244714927,13.994875080076874
13.844330557335041,14.440102498398463
14.515054452274184,14.34785393978219
15.41255605381166,15.394618834080717
14.784753363228699,15.452914798206278
14.597693786034593,14.987187700192184
15.615631005765534,15.981422165278667
14.998718770019218,14.573991031390134
15.258808456117873,15.704676489429852
14.37155669442665,14.539397821909033
15.004484304932735,15.565022421524663
14.325432415118513,14.158872517616912
13.886611146700833,15.128122998078155
15.256886611146701,14.435618193465727
15.203715566944267,13.928251121076233
14.805893657911595,14.821909032671364
15.021140294682896,14.764253683536195
13.923126201153107,14.259449071108264
15.143497757847534,16.29660474055093
13.855221012171684,14.308135810377962
14.442024343369635,15.24727738629084
14.655989750160154,12.87572069186419
14.983344010249839,14.721973094170403
14.565663036515055,16.509929532351055
14.617552850736708,15.698910954516336
15.114670083279949,14.286995515695068
14.518257527226137,13.491992312620114
14.722613709160795,13.408712363869315
13.696348494554773,14.103779628443306
14.389493914157592,16.491992312620116
15.434336963484945,13.995515695067265
14.258167841127483,14.62011531069827
14.122998078155028,15.18257527226137
14.279308135810378,13.017296604740551
15.265855221012172,15.923766816143498
14.263933376040999,13.722613709160795
14.763613068545803,14.04932735426009
15.061499039077514,14.128763613068546
14.686739269698911,13.242793081358103
14.907110826393337,14.897501601537476
15.122357463164638,14.385650224215247
14.829596412556054,13.163997437540038
14.056374119154388,15.555413196668802
14.55413196668802,15.006406149903908
14.778987828315183,14.390134529147982
14.90903267136451,15.226137091607944
14.852017937219731,14.598975016015375
14.566944266495836,13.866752081998719
14.830877642536835,13.05765534913517
14.171044202434336,14.234465086483024
14.523382447149263,14.582959641255606
14.177450352338244,14.477258167841127
14.119154388212683,16.71236386931454
14.600896860986547,14.19090326713645
15.743113388853299,15.422805893657912
14.530429212043561,15.375400384368994
14.199871877001922,14.37091607943626
14.03267136450993,14.498398462524023
14.25560538116592,16.118513773222293
14.29660474055093,14.762331838565023
14.48750800768738,15.42088404868674
14.836643177450352,14.080076873798847
14.312620115310699,14.488789237668161
14.782831518257527,13.699551569506726
15.019218449711722,15.609865470852018
14.183856502242152,14.507367072389494
15.387572069186419,15.721332479180013
15.219730941704036,13.970531710442025
14.083920563741192,15.250480461242793
15.029468289557975,15.0903267136451
14.748238308776425,14.310698270339525
14.45355541319667,13.995515695067265
14.443305573350417,16.415759128763614
15.037155669442665,14.757206918641897
15.456758488148623,14.526585522101216
14.117232543241512,14.0416399743754
14.304932735426009,15.023702754644459
15.127482383087765,13.183856502242152
14.459961563100576,15.641896220371557
15.116591928251122,13.308776425368354
15.00832799487508,16.782831518257527
14.210121716848175,15.750800768737989
14.581037796284432,12.856502242152466
15.344650864830237,14.395259449071109
15.327994875080076,14.894298526585523
14.414477898782831,15.393978219090327
13.98206278026906,14.582959641255606
14.538116591928251,13.791159513132607
13.908392056374119,15.276745675848815
14.307495195387572,14.761691223574632
13.807815502882768,14.12363869314542
14.944907110826394,15.23959000640615
14.61883408071749,13.10826393337604
14.838565022421525,15.017296604740551
14.319666880204997,12.191543882126842
14.503523382447149,14.599615631005765
15.03331197950032,15.059577194106343
13.962203715566945,15.483023702754645
14.88468930172966,14.37091607943626
14.465086483023702,13.125560538116591
14.914157591287637,14.063420884048687
14.573991031390134,15.100576553491353
14.642536835361948,14.8680333119795
14.416399743754004,14.014734144778988
15.22421524663677,14.022421524663677
14.398462524023062,15.560538116591928
14.097373478539398,14.438821268417682
