omitted_week,omitted_week_start,omitted_loss_count,jackknife_rate_per_day
2022-W08,2022-02-24,318,14.511211
2022-W09,2022-02-28,585,14.340167
2022-W10,2022-03-07,295,14.525945
2022-W11,2022-03-14,432,14.438181
2022-W12,2022-03-21,310,14.516336
2022-W13,2022-03-28,746,14.237028
2022-W14,2022-04-04,369,14.478539
2022-W15,2022-04-11,188,14.594491
2022-W16,2022-04-18,128,14.632928
2022-W17,2022-04-25,187,14.595131
2022-W18,2022-05-02,201,14.586163
2022-W19,2022-05-09,222,14.57271
2022-W20,2022-05-16,101,14.650224
2022-W21,2022-05-23,51,14.682255
2022-W22,2022-05-30,134,14.629084
2022-W23,2022-06-06,115,14.641256
2022-W24,2022-06-13,105,14.647662
2022-W25,2022-06-20,81,14.663037
2022-W26,2022-06-27,128,14.632928
2022-W27,2022-07-04,98,14.652146
2022-W28,2022-07-11,61,14.675849
2022-W29,2022-07-18,64,14.673927
2022-W30,2022-07-25,89,14.657912
2022-W31,2022-08-01,63,14.674568
2022-W32,2022-08-08,92,14.65599
2022-W33,2022-08-15,44,14.686739
2022-W34,2022-08-22,85,14.660474
2022-W35,2022-08-29,133,14.629725
2022-W36,2022-09-05,373,14.475977
2022-W37,2022-09-12,406,14.454837
2022-W38,2022-09-19,176,14.602178
2022-W39,2022-09-26,252,14.553491
2022-W40,2022-10-03,289,14.529789
2022-W41,2022-10-10,155,14.615631
2022-W42,2022-10-17,132,14.630365
2022-W43,2022-10-24,132,14.630365
2022-W44,2022-10-31,121,14.637412
2022-W45,2022-11-07,229,14.568225
2022-W46,2022-11-14,127,14.633568
2022-W47,2022-11-21,66,14.672646
2022-W48,2022-11-28,271,14.54132
2022-W49,2022-12-05,73,14.668161
2022-W50,2022-12-12,45,14.686099
2022-W51,2022-12-19,37,14.691224
2022-W52,2022-12-26,89,14.657912
2023-W01,2023-01-02,54,14.680333
2023-W02,2023-01-09,60,14.676489
2023-W03,2023-01-16,50,14.682896
2023-W04,2023-01-23,66,14.672646
2023-W05,2023-01-30,69,14.670724
2023-W06,2023-02-06,113,14.642537
2023-W07,2023-02-13,69,14.670724
2023-W08,2023-02-20,77,14.665599
2023-W09,2023-02-27,142,14.623959
2023-W10,2023-03-06,57,14.678411
2023-W11,2023-03-13,80,14.663677
2023-W12,2023-03-20,86,14.659833
2023-W13,2023-03-27,65,14.673286
2023-W14,2023-04-03,52,14.681614
2023-W15,2023-04-10,43,14.68738
2023-W16,2023-04-17,44,14.686739
2023-W17,2023-04-24,73,14.668161
2023-W18,2023-05-01,57,14.678411
2023-W19,2023-05-08,56,14.679052
2023-W20,2023-05-15,72,14.668802
2023-W21,2023-05-22,73,14.668161
2023-W22,2023-05-29,86,14.659833
2023-W23,2023-06-05,74,14.667521
2023-W24,2023-06-12,98,14.652146
2023-W25,2023-06-19,90,14.657271
2023-W26,2023-06-26,79,14.664318
2023-W27,2023-07-03,92,14.65599
2023-W28,2023-07-10,87,14.659193
2023-W29,2023-07-17,105,14.647662
2023-W30,2023-07-24,93,14.655349
2023-W31,2023-07-31,92,14.65599
2023-W32,2023-08-07,72,14.668802
2023-W33,2023-08-14,87,14.659193
2023-W34,2023-08-21,87,14.659193
2023-W35,2023-08-28,131,14.631006
2023-W36,2023-09-04,105,14.647662
2023-W37,2023-09-11,52,14.681614
2023-W38,2023-09-18,72,14.668802
2023-W39,2023-09-25,98,14.652146
2023-W40,2023-10-02,72,14.668802
2023-W41,2023-10-09,151,14.618193
2023-W42,2023-10-16,145,14.622037
2023-W43,2023-10-23,83,14.661755
2023-W44,2023-10-30,135,14.628443
2023-W45,2023-11-06,84,14.661115
2023-W46,2023-11-13,76,14.66624
2023-W47,2023-11-20,40,14.689302
2023-W48,2023-11-27,85,14.660474
2023-W49,2023-12-04,83,14.661755
2023-W50,2023-12-11,70,14.670083
2023-W51,2023-12-18,91,14.65663
2023-W52,2023-12-25,116,14.640615
2024-W01,2024-01-01,82,14.662396
2024-W02,2024-01-08,81,14.663037
2024-W03,2024-01-15,105,14.647662
2024-W04,2024-01-22,87,14.659193
2024-W05,2024-01-29,97,14.652787
2024-W06,2024-02-05,72,14.668802
2024-W07,2024-02-12,109,14.645099
2024-W08,2024-02-19,133,14.629725
2024-W09,2024-02-26,171,14.605381
2024-W10,2024-03-04,119,14.638693
2024-W11,2024-03-11,123,14.636131
2024-W12,2024-03-18,113,14.642537
2024-W13,2024-03-25,155,14.615631
2024-W14,2024-04-01,187,14.595131
2024-W15,2024-04-08,142,14.623959
2024-W16,2024-04-15,83,14.661755
2024-W17,2024-04-22,75,14.66688
2024-W18,2024-04-29,104,14.648302
2024-W19,2024-05-06,127,14.633568
2024-W20,2024-05-13,126,14.634209
2024-W21,2024-05-20,136,14.627803
2024-W22,2024-05-27,154,14.616272
2024-W23,2024-06-03,165,14.609225
2024-W24,2024-06-10,143,14.623318
2024-W25,2024-06-17,123,14.636131
2024-W26,2024-06-24,106,14.647021
2024-W27,2024-07-01,101,14.650224
2024-W28,2024-07-08,103,14.648943
2024-W29,2024-07-15,103,14.648943
2024-W30,2024-07-22,127,14.633568
2024-W31,2024-07-29,96,14.653427
2024-W32,2024-08-05,115,14.641256
2024-W33,2024-08-12,140,14.62524
2024-W34,2024-08-19,111,14.643818
2024-W35,2024-08-26,159,14.613069
2024-W36,2024-09-02,112,14.643177
2024-W37,2024-09-09,97,14.652787
2024-W38,2024-09-16,116,14.640615
2024-W39,2024-09-23,160,14.612428
2024-W40,2024-09-30,148,14.620115
2024-W41,2024-10-07,93,14.655349
2024-W42,2024-10-14,154,14.616272
2024-W43,2024-10-21,121,14.637412
2024-W44,2024-10-28,166,14.608584
2024-W45,2024-11-04,127,14.633568
2024-W46,2024-11-11,146,14.621397
2024-W47,2024-11-18,106,14.647021
2024-W48,2024-11-25,160,14.612428
2024-W49,2024-12-02,107,14.646381
2024-W50,2024-12-09,74,14.667521
2024-W51,2024-12-16,65,14.673286
2024-W52,2024-12-23,69,14.670724
2025-W01,2024-12-30,100,14.650865
2025-W02,2025-01-06,76,14.66624
2025-W03,2025-01-13,83,14.661755
2025-W04,2025-01-20,87,14.659193
2025-W05,2025-01-27,78,14.664958
2025-W06,2025-02-03,81,14.663037
2025-W07,2025-02-10,110,14.644459
2025-W08,2025-02-17,97,14.652787
2025-W09,2025-02-24,106,14.647021
2025-W10,2025-03-03,74,14.667521
2025-W11,2025-03-10,72,14.668802
2025-W12,2025-03-17,107,14.646381
2025-W13,2025-03-24,115,14.641256
2025-W14,2025-03-31,131,14.631006
2025-W15,2025-04-07,136,14.627803
2025-W16,2025-04-14,93,14.655349
2025-W17,2025-04-21,67,14.672005
2025-W18,2025-04-28,91,14.65663
2025-W19,2025-05-05,70,14.670083
2025-W20,2025-05-12,63,14.674568
2025-W21,2025-05-19,70,14.670083
2025-W22,2025-05-26,55,14.679693
2025-W23,2025-06-02,51,14.682255
2025-W24,2025-06-09,48,14.684177
2025-W25,2025-06-16,64,14.673927
2025-W26,2025-06-23,37,14.691224
2025-W27,2025-06-30,39,14.689942
2025-W28,2025-07-07,53,14.680974
2025-W29,2025-07-14,46,14.685458
2025-W30,2025-07-21,48,14.684177
2025-W31,2025-07-28,31,14.695067
2025-W32,2025-08-04,49,14.683536
2025-W33,2025-08-11,68,14.671365
2025-W34,2025-08-18,48,14.684177
2025-W35,2025-08-25,86,14.659833
2025-W36,2025-09-01,52,14.681614
2025-W37,2025-09-08,46,14.685458
2025-W38,2025-09-15,49,14.683536
2025-W39,2025-09-22,42,14.68802
2025-W40,2025-09-29,33,14.693786
2025-W41,2025-10-06,46,14.685458
2025-W42,2025-10-13,59,14.67713
2025-W43,2025-10-20,63,14.674568
2025-W44,2025-10-27,43,14.68738
2025-W45,2025-11-03,44,14.686739
2025-W46,2025-11-10,45,14.686099
2025-W47,2025-11-17,32,14.694427
2025-W48,2025-11-24,40,14.689302
2025-W49,2025-12-01,40,14.689302
2025-W50,2025-12-08,25,14.698911
2025-W51,2025-12-15,64,14.673927
2025-W52,2025-12-22,69,14.670724
2026-W01,2025-12-29,48,14.684177
2026-W02,2026-01-05,24,14.699552
2026-W03,2026-01-12,26,14.69827
2026-W04,2026-01-19,25,14.698911
2026-W05,2026-01-26,18,14.703395
2026-W06,2026-02-02,20,14.702114
2026-W07,2026-02-09,24,14.699552
2026-W08,2026-02-16,26,14.69827
2026-W09,2026-02-23,26,14.69827
2026-W10,2026-03-02,26,14.69827
2026-W11,2026-03-09,50,14.682896
2026-W12,2026-03-16,49,14.683536
2026-W13,2026-03-23,39,14.689942
2026-W14,2026-03-30,25,14.698911
2026-W15,2026-04-06,15,14.705317
2026-W16,2026-04-13,35,14.692505
2026-W17,2026-04-20,17,14.704036
2026-W18,2026-04-27,21,14.701473
2026-W19,2026-05-04,28,14.696989
2026-W20,2026-05-11,23,14.700192
2026-W21,2026-05-18,50,14.682896
2026-W22,2026-05-25,39,14.689942
2026-W23,2026-06-01,13,14.706598
