date,Abandoned,Captured,Damaged,Destroyed
2022-02-24,0,18,1,26
2022-02-25,0,7,5,39
2022-02-26,0,32,3,53
2022-02-27,0,63,0,71
2022-02-28,0,50,2,58
2022-03-01,0,45,2,94
2022-03-02,0,39,0,23
2022-03-03,0,41,0,29
2022-03-04,0,24,0,23
2022-03-05,0,35,0,37
2022-03-06,1,41,1,40
2022-03-07,0,11,5,51
2022-03-08,0,17,0,19
2022-03-09,0,6,0,13
2022-03-10,0,26,0,18
2022-03-11,0,12,1,26
2022-03-12,0,12,2,20
2022-03-13,0,20,2,34
2022-03-14,0,14,1,11
2022-03-15,0,14,0,24
2022-03-16,0,18,3,96
2022-03-17,0,17,2,45
2022-03-18,0,15,4,22
2022-03-19,0,19,1,31
2022-03-20,0,48,0,47
2022-03-21,0,13,2,17
2022-03-22,0,14,1,34
2022-03-23,0,12,0,51
2022-03-24,0,16,4,25
2022-03-25,0,7,0,19
2022-03-26,0,12,0,29
2022-03-27,0,26,1,27
2022-03-28,0,18,0,77
2022-03-29,0,12,0,20
2022-03-30,0,6,1,43
2022-03-31,0,89,0,141
2022-04-01,0,48,0,95
2022-04-02,0,42,0,59
2022-04-03,0,31,0,64
2022-04-04,0,28,0,54
2022-04-05,0,18,0,53
2022-04-06,0,8,0,41
2022-04-07,0,21,4,54
2022-04-08,0,3,1,31
2022-04-09,0,8,0,24
2022-04-10,0,4,0,17
2022-04-11,0,8,2,51
2022-04-12,0,7,0,16
2022-04-13,0,6,1,18
2022-04-14,0,8,0,13
2022-04-15,0,1,0,7
2022-04-16,0,2,1,11
2022-04-17,0,14,1,21
2022-04-18,0,3,0,13
2022-04-19,0,10,0,22
2022-04-20,0,5,1,8
2022-04-21,0,3,1,22
2022-04-22,0,10,2,13
2022-04-23,0,1,0,8
2022-04-24,0,1,0,5
2022-04-25,0,0,1,29
2022-04-26,0,1,0,30
2022-04-27,0,2,0,9
2022-04-28,0,2,0,20
2022-04-29,0,4,1,14
2022-04-30,0,3,1,35
2022-05-01,0,2,1,32
2022-05-02,0,1,0,17
2022-05-03,0,7,0,41
2022-05-04,0,0,0,26
2022-05-05,0,7,1,16
2022-05-06,0,2,2,23
2022-05-07,0,4,3,11
2022-05-08,0,6,0,34
2022-05-09,0,6,0,22
2022-05-10,0,6,0,22
2022-05-11,0,4,3,33
2022-05-12,0,18,1,49
2022-05-13,0,5,0,12
2022-05-14,0,1,1,13
2022-05-15,0,3,2,21
2022-05-16,0,2,0,9
2022-05-17,0,4,1,8
2022-05-18,0,6,1,7
2022-05-19,0,3,1,5
2022-05-20,0,3,1,21
2022-05-21,0,3,1,20
2022-05-22,0,0,0,5
2022-05-23,0,1,0,3
2022-05-24,0,3,0,12
2022-05-25,0,1,0,11
2022-05-26,0,0,0,6
2022-05-27,0,0,0,6
2022-05-28,0,1,0,3
2022-05-29,0,0,0,4
2022-05-30,0,1,0,35
2022-05-31,0,6,1,39
2022-06-01,0,5,0,8
2022-06-02,0,2,0,3
2022-06-03,0,2,0,3
2022-06-04,0,0,2,22
2022-06-05,0,1,0,4
2022-06-06,0,2,1,15
2022-06-07,0,1,0,8
2022-06-08,0,0,1,20
2022-06-09,0,1,4,14
2022-06-10,0,1,0,22
2022-06-11,0,0,0,17
2022-06-12,0,0,0,8
2022-06-13,0,0,0,36
2022-06-14,0,2,1,14
2022-06-15,0,1,0,7
2022-06-16,0,1,0,10
2022-06-17,0,3,0,13
2022-06-18,0,0,0,4
2022-06-19,0,1,0,12
2022-06-20,0,0,0,6
2022-06-21,0,0,0,17
2022-06-22,0,1,0,6
2022-06-23,0,5,1,7
2022-06-24,0,0,1,19
2022-06-25,0,2,1,10
2022-06-26,0,0,0,5
2022-06-27,0,1,0,21
2022-06-28,0,2,0,10
2022-06-29,0,2,1,5
2022-06-30,0,4,0,12
2022-07-01,0,2,2,17
2022-07-02,0,4,1,24
2022-07-03,0,1,0,19
2022-07-04,0,0,3,18
2022-07-05,0,4,0,12
2022-07-06,0,0,1,1
2022-07-07,0,4,1,18
2022-07-08,0,4,0,10
2022-07-09,0,2,1,15
2022-07-10,0,0,0,4
2022-07-11,0,1,1,7
2022-07-12,0,2,0,7
2022-07-13,0,1,0,8
2022-07-14,0,0,0,12
2022-07-15,0,4,0,9
2022-07-16,0,0,0,4
2022-07-17,0,1,0,4
2022-07-18,0,0,1,6
2022-07-19,0,0,0,12
2022-07-20,0,1,0,6
2022-07-21,0,0,1,8
2022-07-22,0,0,1,11
2022-07-23,0,1,0,5
2022-07-24,0,0,2,9
2022-07-25,0,2,0,3
2022-07-26,0,2,2,6
2022-07-27,0,2,0,8
2022-07-28,0,2,0,2
2022-07-29,0,3,1,8
2022-07-30,0,2,0,11
2022-07-31,0,4,1,30
2022-08-01,0,4,1,17
2022-08-02,0,3,0,3
2022-08-03,0,1,0,5
2022-08-04,0,1,1,2
2022-08-05,0,2,1,3
2022-08-06,0,2,1,4
2022-08-07,0,0,0,12
2022-08-08,0,1,1,12
2022-08-09,0,1,5,24
2022-08-10,0,2,4,12
2022-08-11,0,2,1,12
2022-08-12,0,1,1,4
2022-08-13,0,1,1,3
2022-08-14,0,0,1,3
2022-08-15,0,1,1,5
2022-08-16,0,1,0,2
2022-08-17,0,1,1,7
2022-08-18,0,1,0,7
2022-08-19,0,0,0,3
2022-08-20,0,0,0,5
2022-08-21,0,2,1,6
2022-08-22,0,2,0,12
2022-08-23,0,2,1,12
2022-08-24,0,0,2,6
2022-08-25,0,9,0,6
2022-08-26,0,3,0,3
2022-08-27,0,0,0,18
2022-08-28,0,2,0,7
2022-08-29,0,1,0,4
2022-08-30,0,1,2,14
2022-08-31,0,5,0,51
2022-09-01,0,0,2,7
2022-09-02,0,1,1,17
2022-09-03,0,4,1,13
2022-09-04,0,4,1,4
2022-09-05,0,9,1,10
2022-09-06,0,5,0,11
2022-09-07,0,18,2,17
2022-09-08,0,29,0,19
2022-09-09,0,42,0,16
2022-09-10,0,30,2,28
2022-09-11,0,100,0,34
2022-09-12,0,64,0,40
2022-09-13,0,47,1,20
2022-09-14,0,58,0,39
2022-09-15,0,28,3,27
2022-09-16,0,23,0,6
2022-09-17,0,19,0,6
2022-09-18,0,17,0,8
2022-09-19,0,13,0,12
2022-09-20,0,7,0,8
2022-09-21,0,15,2,18
2022-09-22,0,16,0,21
2022-09-23,0,13,0,11
2022-09-24,0,10,1,18
2022-09-25,0,5,0,6
2022-09-26,0,10,0,25
2022-09-27,0,21,0,7
2022-09-28,0,13,1,23
2022-09-29,0,11,1,16
2022-09-30,0,23,2,18
2022-10-01,0,12,1,22
2022-10-02,0,21,2,23
2022-10-03,0,25,1,12
2022-10-04,0,28,0,19
2022-10-05,0,31,0,20
2022-10-06,0,20,0,27
2022-10-07,0,21,0,22
2022-10-08,0,18,1,16
2022-10-09,0,16,1,11
2022-10-10,0,14,0,26
2022-10-11,0,10,1,14
2022-10-12,0,14,0,11
2022-10-13,0,3,0,2
2022-10-14,0,18,1,16
2022-10-15,0,4,0,9
2022-10-16,0,4,1,7
2022-10-17,0,4,0,12
2022-10-18,0,6,0,12
2022-10-19,0,9,0,10
2022-10-20,0,6,2,22
2022-10-21,0,10,1,5
2022-10-22,0,5,0,14
2022-10-23,0,7,0,7
2022-10-24,0,9,0,21
2022-10-25,0,4,1,7
2022-10-26,0,8,1,19
2022-10-27,0,3,0,10
2022-10-28,0,5,1,10
2022-10-29,0,7,0,8
2022-10-30,0,4,0,14
2022-10-31,0,9,2,21
2022-11-01,0,13,0,19
2022-11-02,0,4,1,6
2022-11-03,0,0,1,12
2022-11-04,0,1,1,6
2022-11-05,0,4,1,9
2022-11-06,0,6,4,1
2022-11-07,0,7,2,8
2022-11-08,0,6,0,7
2022-11-09,0,3,2,17
2022-11-10,0,13,1,31
2022-11-11,0,11,0,27
2022-11-12,0,11,1,29
2022-11-13,0,14,2,37
2022-11-14,0,1,0,9
2022-11-15,0,13,1,18
2022-11-16,0,6,0,17
2022-11-17,0,0,3,6
2022-11-18,0,10,0,11
2022-11-19,0,4,0,12
2022-11-20,0,5,0,11
2022-11-21,0,3,0,4
2022-11-22,1,3,1,7
2022-11-23,0,1,0,4
2022-11-24,0,1,0,6
2022-11-25,0,2,1,13
2022-11-26,0,0,1,12
2022-11-27,0,1,0,5
2022-11-28,0,2,0,16
2022-11-29,0,3,0,6
2022-11-30,0,69,3,138
2022-12-01,0,1,0,4
2022-12-02,0,2,0,7
2022-12-03,0,2,0,8
2022-12-04,0,2,2,6
2022-12-05,0,4,1,9
2022-12-06,0,1,3,13
2022-12-07,0,0,1,5
2022-12-08,0,4,0,7
2022-12-09,0,0,4,6
2022-12-10,0,0,0,6
2022-12-11,0,0,1,8
2022-12-12,0,0,2,4
2022-12-13,0,5,1,8
2022-12-14,0,0,0,3
2022-12-15,0,2,0,7
2022-12-16,0,0,0,7
2022-12-17,0,0,0,0
2022-12-18,0,0,0,6
2022-12-19,0,1,0,2
2022-12-20,0,3,0,5
2022-12-21,0,1,0,2
2022-12-22,0,2,0,6
2022-12-23,0,2,0,3
2022-12-24,0,1,0,4
2022-12-25,0,1,0,4
2022-12-26,0,0,1,4
2022-12-27,0,1,2,6
2022-12-28,0,3,1,2
2022-12-29,0,0,2,8
2022-12-30,0,1,0,8
2022-12-31,0,8,7,27
2023-01-01,0,2,0,6
2023-01-02,0,1,2,1
2023-01-03,0,1,0,3
2023-01-04,0,1,1,11
2023-01-05,0,2,0,7
2023-01-06,0,1,0,6
2023-01-07,0,0,0,7
2023-01-08,0,2,0,8
2023-01-09,0,1,0,7
2023-01-10,0,0,0,5
2023-01-11,0,0,0,5
2023-01-12,0,1,1,3
2023-01-13,0,0,1,5
2023-01-14,0,1,9,10
2023-01-15,0,1,0,10
2023-01-16,0,0,2,9
2023-01-17,0,1,0,7
2023-01-18,0,1,1,5
2023-01-19,0,0,0,4
2023-01-20,0,2,3,3
2023-01-21,0,0,0,8
2023-01-22,0,0,1,3
2023-01-23,0,1,5,6
2023-01-24,0,0,4,10
2023-01-25,1,1,2,5
2023-01-26,0,0,0,7
2023-01-27,0,2,0,4
2023-01-28,0,0,2,10
2023-01-29,0,1,1,4
2023-01-30,0,0,2,6
2023-01-31,0,1,2,13
2023-02-01,0,0,0,5
2023-02-02,0,0,1,8
2023-02-03,0,2,1,5
2023-02-04,0,4,0,10
2023-02-05,0,1,2,6
2023-02-06,2,0,7,21
2023-02-07,0,0,1,6
2023-02-08,0,0,7,17
2023-02-09,0,1,1,8
2023-02-10,0,3,4,10
2023-02-11,0,0,3,13
2023-02-12,0,1,3,5
2023-02-13,0,0,3,11
2023-02-14,0,0,6,7
2023-02-15,0,1,0,4
2023-02-16,0,2,0,3
2023-02-17,0,1,3,9
2023-02-18,0,0,1,6
2023-02-19,0,0,9,3
2023-02-20,0,1,0,3
2023-02-21,0,0,4,21
2023-02-22,0,1,1,11
2023-02-23,0,1,4,15
2023-02-24,0,0,0,5
2023-02-25,0,1,1,6
2023-02-26,0,0,1,1
2023-02-27,0,0,1,5
2023-02-28,0,1,8,72
2023-03-01,0,1,0,3
2023-03-02,0,0,0,9
2023-03-03,0,0,0,17
2023-03-04,0,0,0,13
2023-03-05,0,1,2,9
2023-03-06,0,0,3,5
2023-03-07,0,0,0,12
2023-03-08,0,1,1,6
2023-03-09,0,0,1,2
2023-03-10,0,1,1,10
2023-03-11,0,1,1,6
2023-03-12,0,0,0,6
2023-03-13,0,0,0,9
2023-03-14,0,0,1,17
2023-03-15,0,0,0,12
2023-03-16,0,0,1,15
2023-03-17,0,0,0,9
2023-03-18,0,0,2,6
2023-03-19,0,1,1,6
2023-03-20,0,1,4,12
2023-03-21,0,0,0,2
2023-03-22,0,0,1,13
2023-03-23,0,0,2,19
2023-03-24,0,0,3,10
2023-03-25,0,0,2,9
2023-03-26,0,0,1,7
2023-03-27,0,0,0,8
2023-03-28,0,0,1,8
2023-03-29,0,1,0,8
2023-03-30,0,0,3,3
2023-03-31,0,0,0,20
2023-04-01,0,0,0,2
2023-04-02,0,1,1,9
2023-04-03,0,0,0,5
2023-04-04,1,0,1,6
2023-04-05,0,0,0,6
2023-04-06,0,0,1,6
2023-04-07,0,1,1,7
2023-04-08,0,0,1,8
2023-04-09,0,1,1,6
2023-04-10,0,0,0,12
2023-04-11,0,0,0,5
2023-04-12,0,0,1,4
2023-04-13,0,1,0,5
2023-04-14,0,0,0,2
2023-04-15,0,0,1,5
2023-04-16,0,1,0,6
2023-04-17,0,0,0,4
2023-04-18,0,2,0,7
2023-04-19,0,0,0,6
2023-04-20,0,1,3,6
2023-04-21,0,1,0,5
2023-04-22,0,0,1,1
2023-04-23,0,0,0,7
2023-04-24,0,0,2,3
2023-04-25,1,0,1,10
2023-04-26,0,0,1,11
2023-04-27,0,0,3,8
2023-04-28,0,1,1,12
2023-04-29,0,0,0,6
2023-04-30,0,1,2,10
2023-05-01,0,0,2,3
2023-05-02,0,0,2,3
2023-05-03,0,1,1,4
2023-05-04,0,0,0,6
2023-05-05,0,2,2,9
2023-05-06,0,0,1,13
2023-05-07,0,1,1,6
2023-05-08,0,0,0,3
2023-05-09,0,2,0,6
2023-05-10,0,4,0,8
2023-05-11,0,1,0,2
2023-05-12,0,0,0,10
2023-05-13,0,1,1,10
2023-05-14,0,0,2,6
2023-05-15,0,0,2,12
2023-05-16,0,0,0,6
2023-05-17,0,1,2,5
2023-05-18,1,2,1,6
2023-05-19,0,1,4,5
2023-05-20,0,0,1,13
2023-05-21,0,1,0,9
2023-05-22,0,1,2,13
2023-05-23,0,0,3,11
2023-05-24,0,1,0,7
2023-05-25,0,0,2,4
2023-05-26,0,0,1,12
2023-05-27,0,0,1,12
2023-05-28,0,0,1,2
2023-05-29,0,1,1,5
2023-05-30,0,0,4,9
2023-05-31,0,0,2,23
2023-06-01,0,0,1,11
2023-06-02,0,0,2,7
2023-06-03,0,0,1,8
2023-06-04,0,0,1,10
2023-06-05,0,0,0,20
2023-06-06,0,0,1,7
2023-06-07,0,0,0,7
2023-06-08,0,1,0,10
2023-06-09,0,0,1,6
2023-06-10,0,0,4,11
2023-06-11,0,0,1,5
2023-06-12,0,4,1,8
2023-06-13,0,0,4,14
2023-06-14,0,0,3,9
2023-06-15,0,0,2,13
2023-06-16,0,2,1,6
2023-06-17,0,1,4,16
2023-06-18,0,0,0,10
2023-06-19,0,1,2,8
2023-06-20,0,1,3,10
2023-06-21,0,1,1,5
2023-06-22,0,1,3,9
2023-06-23,1,0,2,12
2023-06-24,0,0,5,12
2023-06-25,1,0,0,12
2023-06-26,0,0,0,7
2023-06-27,0,0,2,8
2023-06-28,0,0,4,10
2023-06-29,0,1,2,16
2023-06-30,0,0,2,11
2023-07-01,0,0,1,9
2023-07-02,0,0,0,6
2023-07-03,1,0,1,11
2023-07-04,0,0,5,11
2023-07-05,0,0,1,23
2023-07-06,0,1,0,12
2023-07-07,0,0,0,4
2023-07-08,0,0,1,9
2023-07-09,0,0,2,10
2023-07-10,1,0,0,7
2023-07-11,0,0,1,7
2023-07-12,0,0,0,27
2023-07-13,0,0,0,12
2023-07-14,0,0,2,8
2023-07-15,0,0,1,6
2023-07-16,0,0,5,10
2023-07-17,0,1,6,17
2023-07-18,1,0,0,17
2023-07-19,1,0,1,8
2023-07-20,0,2,0,15
2023-07-21,0,1,1,11
2023-07-22,0,0,1,8
2023-07-23,0,0,3,11
2023-07-24,1,0,2,12
2023-07-25,0,0,4,12
2023-07-26,1,0,1,14
2023-07-27,0,0,0,7
2023-07-28,0,0,2,11
2023-07-29,0,0,3,8
2023-07-30,0,0,2,13
2023-07-31,0,1,1,16
2023-08-01,0,0,1,15
2023-08-02,0,0,2,13
2023-08-03,0,0,2,13
2023-08-04,0,0,1,3
2023-08-05,0,0,2,7
2023-08-06,0,0,0,15
2023-08-07,0,0,2,14
2023-08-08,0,1,0,7
2023-08-09,0,0,2,9
2023-08-10,0,0,1,8
2023-08-11,0,0,0,10
2023-08-12,0,1,1,6
2023-08-13,0,0,1,9
2023-08-14,0,0,1,15
2023-08-15,0,0,2,5
2023-08-16,0,0,4,11
2023-08-17,0,2,0,7
2023-08-18,0,0,3,7
2023-08-19,0,1,2,14
2023-08-20,1,0,1,11
2023-08-21,1,2,0,5
2023-08-22,1,0,1,14
2023-08-23,0,1,1,11
2023-08-24,0,0,0,13
2023-08-25,0,0,5,9
2023-08-26,0,0,1,11
2023-08-27,0,0,1,10
2023-08-28,0,0,0,21
2023-08-29,0,0,0,14
2023-08-30,0,0,3,14
2023-08-31,0,2,3,44
2023-09-01,0,0,0,14
2023-09-02,0,0,2,7
2023-09-03,0,0,0,7
2023-09-04,0,1,1,17
2023-09-05,1,0,0,20
2023-09-06,0,0,1,27
2023-09-07,0,0,1,4
2023-09-08,0,1,4,10
2023-09-09,0,0,1,7
2023-09-10,0,1,1,7
2023-09-11,0,1,0,6
2023-09-12,0,1,0,4
2023-09-13,0,0,2,10
2023-09-14,0,0,1,7
2023-09-15,0,0,0,6
2023-09-16,0,0,2,6
2023-09-17,0,0,0,6
2023-09-18,0,0,1,12
2023-09-19,0,0,1,8
2023-09-20,0,1,1,7
2023-09-21,0,0,2,6
2023-09-22,0,0,0,8
2023-09-23,0,0,0,7
2023-09-24,0,0,0,18
2023-09-25,0,0,1,29
2023-09-26,0,0,2,8
2023-09-27,0,0,2,5
2023-09-28,0,0,0,16
2023-09-29,0,0,2,5
2023-09-30,0,0,4,19
2023-10-01,0,0,1,4
2023-10-02,0,0,1,12
2023-10-03,0,1,0,11
2023-10-04,0,1,2,8
2023-10-05,0,0,0,7
2023-10-06,0,0,0,13
2023-10-07,0,0,0,5
2023-10-08,0,0,4,7
2023-10-09,0,0,2,6
2023-10-10,2,1,9,36
2023-10-11,0,0,1,21
2023-10-12,2,0,6,22
2023-10-13,0,0,3,15
2023-10-14,0,0,2,8
2023-10-15,0,0,1,14
2023-10-16,0,0,0,17
2023-10-17,0,0,10,13
2023-10-18,0,0,2,9
2023-10-19,0,0,9,35
2023-10-20,1,2,0,12
2023-10-21,0,0,4,5
2023-10-22,0,0,5,21
2023-10-23,0,0,0,9
2023-10-24,0,0,2,15
2023-10-25,0,0,2,9
2023-10-26,0,0,3,17
2023-10-27,0,0,1,9
2023-10-28,0,0,0,9
2023-10-29,0,0,0,7
2023-10-30,0,0,3,16
2023-10-31,1,0,11,27
2023-11-01,0,0,3,19
2023-11-02,0,0,4,24
2023-11-03,0,0,1,7
2023-11-04,0,0,1,10
2023-11-05,0,0,1,7
2023-11-06,0,0,5,10
2023-11-07,0,0,0,7
2023-11-08,0,1,1,6
2023-11-09,0,0,3,7
2023-11-10,0,0,8,12
2023-11-11,0,1,3,17
2023-11-12,0,0,0,3
2023-11-13,0,0,0,5
2023-11-14,0,0,3,10
2023-11-15,0,1,0,3
2023-11-16,0,0,7,16
2023-11-17,0,0,2,11
2023-11-18,2,0,3,7
2023-11-19,0,0,1,5
2023-11-20,0,0,1,4
2023-11-21,0,0,0,4
2023-11-22,0,0,0,2
2023-11-23,0,0,0,13
2023-11-24,0,0,2,6
2023-11-25,0,0,0,3
2023-11-26,0,0,0,5
2023-11-27,0,0,1,5
2023-11-28,0,0,6,13
2023-11-29,0,0,3,11
2023-11-30,0,0,1,26
2023-12-01,0,0,2,7
2023-12-02,0,0,1,6
2023-12-03,0,0,0,3
2023-12-04,0,0,4,5
2023-12-05,0,0,1,15
2023-12-06,0,0,1,15
2023-12-07,0,0,0,4
2023-12-08,1,0,1,5
2023-12-09,1,0,2,8
2023-12-10,2,0,3,15
2023-12-11,0,0,1,14
2023-12-12,0,0,1,8
2023-12-13,0,0,3,13
2023-12-14,1,0,0,3
2023-12-15,1,0,5,10
2023-12-16,0,0,1,1
2023-12-17,0,1,0,7
2023-12-18,3,0,4,10
2023-12-19,0,0,1,8
2023-12-20,0,0,2,11
2023-12-21,3,0,11,13
2023-12-22,0,0,2,7
2023-12-23,0,0,1,9
2023-12-24,0,0,0,6
2023-12-25,0,0,3,15
2023-12-26,0,0,1,6
2023-12-27,0,0,7,23
2023-12-28,3,1,2,18
2023-12-29,0,0,1,6
2023-12-30,0,0,0,7
2023-12-31,1,1,2,19
2024-01-01,0,0,1,9
2024-01-02,0,0,1,13
2024-01-03,0,0,2,10
2024-01-04,0,0,2,11
2024-01-05,0,0,0,7
2024-01-06,0,0,0,9
2024-01-07,0,11,0,6
2024-01-08,0,0,2,15
2024-01-09,0,0,7,12
2024-01-10,0,0,0,7
2024-01-11,0,0,1,5
2024-01-12,0,0,2,10
2024-01-13,0,0,1,7
2024-01-14,1,0,1,10
2024-01-15,1,0,2,8
2024-01-16,0,0,4,11
2024-01-17,0,0,7,11
2024-01-18,1,1,2,9
2024-01-19,2,0,1,4
2024-01-20,1,0,3,9
2024-01-21,5,0,4,19
2024-01-22,0,0,2,13
2024-01-23,0,0,0,6
2024-01-24,0,0,1,9
2024-01-25,0,0,3,8
2024-01-26,0,0,0,12
2024-01-27,1,0,3,16
2024-01-28,1,0,3,9
2024-01-29,1,0,5,22
2024-01-30,1,0,2,15
2024-01-31,0,0,0,10
2024-02-01,1,0,1,9
2024-02-02,0,0,3,8
2024-02-03,0,0,3,4
2024-02-04,0,0,2,10
2024-02-05,0,0,0,13
2024-02-06,0,0,4,6
2024-02-07,0,0,2,11
2024-02-08,0,0,0,7
2024-02-09,0,0,1,9
2024-02-10,0,0,0,3
2024-02-11,2,0,4,10
2024-02-12,0,0,1,10
2024-02-13,0,0,2,2
2024-02-14,0,0,3,20
2024-02-15,1,0,4,10
2024-02-16,1,0,0,8
2024-02-17,3,0,6,21
2024-02-18,0,0,2,15
2024-02-19,0,1,3,15
2024-02-20,1,0,1,13
2024-02-21,3,0,1,14
2024-02-22,0,0,0,26
2024-02-23,0,0,4,20
2024-02-24,0,1,2,12
2024-02-25,2,0,5,9
2024-02-26,2,0,3,11
2024-02-27,1,0,3,33
2024-02-28,0,0,0,9
2024-02-29,5,0,6,58
2024-03-01,0,0,3,12
2024-03-02,0,0,0,10
2024-03-03,0,0,0,15
2024-03-04,2,0,0,6
2024-03-05,0,0,2,30
2024-03-06,0,0,2,12
2024-03-07,0,0,2,16
2024-03-08,1,0,3,14
2024-03-09,0,0,2,14
2024-03-10,0,1,1,11
2024-03-11,1,0,1,29
2024-03-12,2,0,0,23
2024-03-13,0,0,4,11
2024-03-14,0,0,1,11
2024-03-15,0,0,2,13
2024-03-16,0,0,2,12
2024-03-17,0,0,3,8
2024-03-18,0,0,1,15
2024-03-19,0,0,3,12
2024-03-20,1,0,0,17
2024-03-21,2,0,5,18
2024-03-22,0,0,5,10
2024-03-23,0,0,1,11
2024-03-24,1,0,3,8
2024-03-25,0,0,0,11
2024-03-26,1,0,1,21
2024-03-27,0,0,2,12
2024-03-28,0,0,4,18
2024-03-29,0,0,1,22
2024-03-30,2,0,7,25
2024-03-31,0,0,2,26
2024-04-01,2,0,2,17
2024-04-02,2,0,4,27
2024-04-03,0,0,0,15
2024-04-04,0,0,4,23
2024-04-05,1,0,3,30
2024-04-06,0,1,7,38
2024-04-07,0,0,0,11
2024-04-08,0,0,0,19
2024-04-09,1,1,3,18
2024-04-10,0,0,2,15
2024-04-11,0,0,1,21
2024-04-12,3,1,3,21
2024-04-13,0,0,3,19
2024-04-14,1,0,1,9
2024-04-15,0,0,2,13
2024-04-16,2,0,0,14
2024-04-17,0,0,4,14
2024-04-18,0,0,1,12
2024-04-19,0,0,0,8
2024-04-20,0,0,1,12
2024-04-21,0,0,0,0
2024-04-22,0,0,1,13
2024-04-23,0,0,2,2
2024-04-24,0,0,0,7
2024-04-25,0,0,0,10
2024-04-26,0,0,0,9
2024-04-27,0,0,2,20
2024-04-28,1,0,0,8
2024-04-29,0,2,1,11
2024-04-30,0,0,1,11
2024-05-01,0,0,3,15
2024-05-02,0,0,0,32
2024-05-03,0,0,2,14
2024-05-04,0,0,0,4
2024-05-05,0,0,1,7
2024-05-06,0,0,0,19
2024-05-07,0,0,0,16
2024-05-08,0,0,3,13
2024-05-09,0,0,1,15
2024-05-10,0,0,1,27
2024-05-11,0,0,1,19
2024-05-12,0,0,0,12
2024-05-13,0,0,2,9
2024-05-14,1,0,0,20
2024-05-15,0,0,2,20
2024-05-16,0,0,1,19
2024-05-17,0,0,2,8
2024-05-18,1,0,1,18
2024-05-19,1,0,0,21
2024-05-20,0,0,0,14
2024-05-21,0,0,1,15
2024-05-22,0,1,1,18
2024-05-23,0,0,4,26
2024-05-24,0,1,1,20
2024-05-25,0,0,0,11
2024-05-26,0,0,2,21
2024-05-27,1,0,0,12
2024-05-28,0,0,3,22
2024-05-29,1,0,0,19
2024-05-30,1,1,2,15
2024-05-31,0,0,0,31
2024-06-01,0,0,1,19
2024-06-02,0,0,4,22
2024-06-03,0,0,4,11
2024-06-04,0,0,3,18
2024-06-05,0,1,4,24
2024-06-06,0,0,2,14
2024-06-07,2,0,1,32
2024-06-08,0,1,1,18
2024-06-09,1,0,1,27
2024-06-10,0,0,1,24
2024-06-11,0,0,0,19
2024-06-12,0,0,2,14
2024-06-13,1,0,1,25
2024-06-14,0,1,3,19
2024-06-15,0,1,1,14
2024-06-16,0,0,2,15
2024-06-17,0,1,0,14
2024-06-18,0,1,0,20
2024-06-19,0,0,1,20
2024-06-20,1,0,1,9
2024-06-21,1,0,0,31
2024-06-22,0,0,1,14
2024-06-23,0,1,0,7
2024-06-24,0,0,0,12
2024-06-25,0,1,0,9
2024-06-26,0,0,0,10
2024-06-27,0,0,0,17
2024-06-28,0,0,0,7
2024-06-29,0,0,2,13
2024-06-30,1,1,0,33
2024-07-01,1,0,0,14
2024-07-02,0,0,0,6
2024-07-03,0,1,1,19
2024-07-04,0,0,1,24
2024-07-05,0,0,1,13
2024-07-06,0,0,1,10
2024-07-07,0,0,0,9
2024-07-08,0,0,4,16
2024-07-09,0,0,0,12
2024-07-10,0,1,3,15
2024-07-11,0,0,1,5
2024-07-12,0,0,1,7
2024-07-13,1,1,0,24
2024-07-14,0,0,0,12
2024-07-15,0,0,1,10
2024-07-16,1,0,2,15
2024-07-17,0,1,0,13
2024-07-18,1,0,0,10
2024-07-19,1,0,0,20
2024-07-20,0,0,0,16
2024-07-21,0,0,1,11
2024-07-22,0,0,0,18
2024-07-23,0,0,1,29
2024-07-24,0,0,0,11
2024-07-25,0,0,1,17
2024-07-26,0,0,0,13
2024-07-27,1,0,2,13
2024-07-28,0,0,0,21
2024-07-29,0,0,0,14
2024-07-30,1,0,1,15
2024-07-31,0,2,0,12
2024-08-01,0,0,0,11
2024-08-02,0,1,0,15
2024-08-03,0,1,0,16
2024-08-04,0,0,0,7
2024-08-05,0,1,1,14
2024-08-06,0,0,0,15
2024-08-07,1,1,0,13
2024-08-08,0,1,0,25
2024-08-09,0,1,0,13
2024-08-10,0,5,0,17
2024-08-11,0,2,0,5
2024-08-12,0,2,0,14
2024-08-13,0,0,1,35
2024-08-14,0,1,1,16
2024-08-15,2,1,2,12
2024-08-16,1,1,1,16
2024-08-17,0,2,1,16
2024-08-18,0,1,2,12
2024-08-19,0,3,0,16
2024-08-20,0,2,2,13
2024-08-21,0,2,4,12
2024-08-22,1,0,0,14
2024-08-23,0,1,0,11
2024-08-24,0,0,0,15
2024-08-25,0,0,3,12
2024-08-26,0,1,0,11
2024-08-27,0,0,0,5
2024-08-28,0,1,2,26
2024-08-29,0,1,1,7
2024-08-30,0,0,0,9
2024-08-31,1,6,4,72
2024-09-01,0,0,0,12
2024-09-02,0,1,0,9
2024-09-03,0,0,0,23
2024-09-04,0,1,3,15
2024-09-05,0,2,2,12
2024-09-06,0,0,2,13
2024-09-07,0,4,4,6
2024-09-08,0,0,3,12
2024-09-09,0,0,0,9
2024-09-10,0,0,2,7
2024-09-11,0,1,0,23
2024-09-12,0,1,1,9
2024-09-13,0,1,2,13
2024-09-14,0,0,0,17
2024-09-15,0,0,0,11
2024-09-16,0,1,1,12
2024-09-17,0,1,0,7
2024-09-18,0,1,0,11
2024-09-19,0,0,0,11
2024-09-20,0,1,1,22
2024-09-21,0,2,1,30
2024-09-22,0,0,0,14
2024-09-23,0,0,4,27
2024-09-24,0,0,0,14
2024-09-25,3,0,0,24
2024-09-26,0,0,1,21
2024-09-27,0,0,0,34
2024-09-28,0,0,0,14
2024-09-29,2,0,2,14
2024-09-30,0,1,5,30
2024-10-01,1,1,0,15
2024-10-02,0,0,0,12
2024-10-03,0,1,1,19
2024-10-04,0,0,2,17
2024-10-05,0,0,1,21
2024-10-06,0,1,1,19
2024-10-07,0,1,2,10
2024-10-08,0,0,1,14
2024-10-09,1,1,0,13
2024-10-10,0,1,1,12
2024-10-11,1,0,0,8
2024-10-12,0,0,0,9
2024-10-13,0,0,0,18
2024-10-14,0,0,0,13
2024-10-15,1,0,0,22
2024-10-16,0,1,0,24
2024-10-17,1,0,0,22
2024-10-18,1,0,1,28
2024-10-19,0,0,0,19
2024-10-20,2,0,2,17
2024-10-21,1,1,0,12
2024-10-22,0,0,0,18
2024-10-23,0,1,2,10
2024-10-24,0,1,0,14
2024-10-25,0,0,0,20
2024-10-26,0,0,1,15
2024-10-27,0,3,1,21
2024-10-28,0,3,3,21
2024-10-29,0,0,2,19
2024-10-30,0,0,0,15
2024-10-31,0,1,1,57
2024-11-01,0,2,0,18
2024-11-02,0,1,1,16
2024-11-03,0,0,0,6
2024-11-04,0,0,0,14
2024-11-05,0,0,1,10
2024-11-06,0,0,0,14
2024-11-07,3,1,2,19
2024-11-08,1,0,1,23
2024-11-09,0,0,0,23
2024-11-10,0,1,1,13
2024-11-11,0,0,4,28
2024-11-12,1,0,0,29
2024-11-13,0,1,1,34
2024-11-14,0,0,1,11
2024-11-15,0,1,0,8
2024-11-16,0,1,0,12
2024-11-17,1,0,1,12
2024-11-18,0,1,0,18
2024-11-19,0,1,0,11
2024-11-20,0,1,0,9
2024-11-21,1,0,0,11
2024-11-22,2,0,1,17
2024-11-23,2,0,1,15
2024-11-24,1,0,0,14
2024-11-25,0,1,1,18
2024-11-26,1,2,2,18
2024-11-27,1,0,1,7
2024-11-28,0,2,0,17
2024-11-29,1,1,1,7
2024-11-30,1,4,2,60
2024-12-01,0,1,1,10
2024-12-02,0,0,0,8
2024-12-03,0,0,1,23
2024-12-04,0,0,1,20
2024-12-05,0,1,0,10
2024-12-06,0,1,0,9
2024-12-07,0,0,1,16
2024-12-08,2,0,1,13
2024-12-09,0,0,0,3
2024-12-10,0,1,0,14
2024-12-11,0,0,0,15
2024-12-12,2,0,0,11
2024-12-13,0,1,0,2
2024-12-14,0,0,1,10
2024-12-15,0,0,0,14
2024-12-16,0,0,0,7
2024-12-17,0,0,0,10
2024-12-18,0,1,0,8
2024-12-19,0,1,0,4
2024-12-20,0,0,0,10
2024-12-21,1,1,2,9
2024-12-22,1,0,0,10
2024-12-23,0,0,0,14
2024-12-24,1,3,0,11
2024-12-25,0,0,0,3
2024-12-26,0,1,1,10
2024-12-27,0,0,0,8
2024-12-28,2,0,0,8
2024-12-29,0,0,0,7
2024-12-30,0,0,0,13
2024-12-31,1,0,0,30
2025-01-01,0,0,0,7
2025-01-02,0,0,0,10
2025-01-03,1,0,0,13
2025-01-04,0,0,0,8
2025-01-05,2,1,0,14
2025-01-06,0,0,1,9
2025-01-07,2,0,0,10
2025-01-08,2,0,0,13
2025-01-09,4,0,0,11
2025-01-10,1,0,2,7
2025-01-11,1,0,0,5
2025-01-12,0,0,1,7
2025-01-13,0,3,0,5
2025-01-14,2,1,0,11
2025-01-15,0,0,0,13
2025-01-16,1,0,0,10
2025-01-17,0,0,0,8
2025-01-18,1,0,0,9
2025-01-19,0,1,0,18
2025-01-20,0,1,0,21
2025-01-21,1,0,1,4
2025-01-22,0,0,0,8
2025-01-23,1,0,0,12
2025-01-24,0,0,0,6
2025-01-25,0,2,0,20
2025-01-26,0,1,1,8
2025-01-27,1,0,0,6
2025-01-28,1,0,0,8
2025-01-29,1,1,1,8
2025-01-30,0,1,2,11
2025-01-31,0,0,0,11
2025-02-01,0,0,0,14
2025-02-02,0,1,0,11
2025-02-03,0,1,0,8
2025-02-04,1,2,0,11
2025-02-05,0,0,1,10
2025-02-06,3,0,0,10
2025-02-07,0,0,0,9
2025-02-08,0,0,0,11
2025-02-09,0,2,0,12
2025-02-10,0,0,0,15
2025-02-11,0,0,0,11
2025-02-12,0,0,0,10
2025-02-13,0,2,0,6
2025-02-14,0,1,0,11
2025-02-15,1,0,0,14
2025-02-16,5,0,1,33
2025-02-17,0,0,0,16
2025-02-18,0,0,0,12
2025-02-19,0,0,1,16
2025-02-20,0,0,0,12
2025-02-21,0,1,1,13
2025-02-22,0,0,0,12
2025-02-23,1,1,0,11
2025-02-24,0,0,0,9
2025-02-25,0,3,0,10
2025-02-26,1,1,3,8
2025-02-27,0,2,0,13
2025-02-28,1,1,0,42
2025-03-01,0,2,0,6
2025-03-02,0,0,0,4
2025-03-03,1,0,0,11
2025-03-04,1,2,0,7
2025-03-05,0,0,1,8
2025-03-06,5,0,0,15
2025-03-07,0,0,0,5
2025-03-08,1,0,0,6
2025-03-09,0,0,0,11
2025-03-10,0,1,1,12
2025-03-11,2,1,0,11
2025-03-12,0,0,0,6
2025-03-13,0,2,0,10
2025-03-14,0,0,1,8
2025-03-15,0,0,0,10
2025-03-16,0,0,0,7
2025-03-17,0,1,0,10
2025-03-18,0,1,0,21
2025-03-19,1,0,0,17
2025-03-20,0,0,2,16
2025-03-21,0,0,1,18
2025-03-22,0,1,0,9
2025-03-23,0,0,1,8
2025-03-24,0,0,0,8
2025-03-25,1,0,0,10
2025-03-26,0,0,1,15
2025-03-27,0,0,0,30
2025-03-28,0,1,0,11
2025-03-29,1,3,0,21
2025-03-30,0,4,1,8
2025-03-31,1,5,2,31
2025-04-01,0,1,1,11
2025-04-02,1,1,0,15
2025-04-03,0,1,0,20
2025-04-04,0,1,0,16
2025-04-05,0,0,0,4
2025-04-06,3,0,0,17
2025-04-07,0,3,0,27
2025-04-08,0,0,0,11
2025-04-09,0,0,1,13
2025-04-10,0,3,1,14
2025-04-11,0,2,0,8
2025-04-12,3,1,0,27
2025-04-13,0,0,0,22
2025-04-14,0,1,0,21
2025-04-15,0,0,0,10
2025-04-16,0,0,1,17
2025-04-17,0,0,0,10
2025-04-18,0,0,0,11
2025-04-19,1,1,0,13
2025-04-20,0,3,0,4
2025-04-21,0,0,1,17
2025-04-22,0,3,0,8
2025-04-23,0,0,1,5
2025-04-24,0,0,2,10
2025-04-25,0,0,0,8
2025-04-26,0,0,0,6
2025-04-27,0,2,0,4
2025-04-28,0,0,0,8
2025-04-29,0,1,0,17
2025-04-30,0,1,0,13
2025-05-01,0,0,0,14
2025-05-02,0,0,0,11
2025-05-03,0,1,0,9
2025-05-04,0,1,0,15
2025-05-05,2,0,0,13
2025-05-06,0,0,0,4
2025-05-07,0,0,0,5
2025-05-08,0,0,0,5
2025-05-09,0,4,0,15
2025-05-10,1,1,0,12
2025-05-11,2,0,0,6
2025-05-12,1,0,0,6
2025-05-13,0,1,1,9
2025-05-14,0,0,0,7
2025-05-15,0,2,0,16
2025-05-16,0,1,0,6
2025-05-17,0,1,0,9
2025-05-18,0,0,0,3
2025-05-19,0,3,1,8
2025-05-20,0,2,1,5
2025-05-21,0,1,0,6
2025-05-22,0,0,1,8
2025-05-23,0,1,0,12
2025-05-24,0,2,0,10
2025-05-25,1,1,0,7
2025-05-26,0,2,0,5
2025-05-27,0,2,0,6
2025-05-28,0,0,0,4
2025-05-29,0,0,0,3
2025-05-30,0,1,0,4
2025-05-31,0,1,0,8
2025-06-01,0,2,2,15
2025-06-02,0,0,2,4
2025-06-03,0,0,1,4
2025-06-04,0,0,1,6
2025-06-05,0,0,0,9
2025-06-06,0,1,1,6
2025-06-07,0,0,0,11
2025-06-08,0,0,1,4
2025-06-09,0,0,0,6
2025-06-10,0,0,0,5
2025-06-11,0,0,0,6
2025-06-12,0,0,0,6
2025-06-13,0,0,1,5
2025-06-14,1,0,0,10
2025-06-15,0,0,0,8
2025-06-16,0,0,0,8
2025-06-17,2,0,1,15
2025-06-18,0,0,0,11
2025-06-19,0,0,0,4
2025-06-20,0,0,0,9
2025-06-21,0,0,2,7
2025-06-22,0,0,1,4
2025-06-23,0,0,0,2
2025-06-24,0,0,0,9
2025-06-25,0,1,0,3
2025-06-26,0,0,0,6
2025-06-27,0,0,0,4
2025-06-28,0,0,1,4
2025-06-29,0,0,0,7
2025-06-30,2,0,0,9
2025-07-01,0,0,0,3
2025-07-02,0,1,1,7
2025-07-03,0,1,0,7
2025-07-04,0,2,0,1
2025-07-05,0,0,0,3
2025-07-06,0,0,0,2
2025-07-07,0,0,0,8
2025-07-08,1,0,0,3
2025-07-09,0,1,0,3
2025-07-10,0,0,0,10
2025-07-11,0,0,0,11
2025-07-12,0,0,0,8
2025-07-13,1,0,0,7
2025-07-14,0,0,1,7
2025-07-15,0,1,0,8
2025-07-16,0,1,0,9
2025-07-17,0,0,0,4
2025-07-18,0,0,0,4
2025-07-19,0,0,0,4
2025-07-20,0,0,2,5
2025-07-21,0,1,0,3
2025-07-22,0,1,0,3
2025-07-23,1,0,0,7
2025-07-24,0,0,0,5
2025-07-25,2,0,0,11
2025-07-26,0,0,0,6
2025-07-27,0,0,0,8
2025-07-28,0,0,0,5
2025-07-29,0,2,0,2
2025-07-30,0,0,0,3
2025-07-31,0,0,0,3
2025-08-01,0,0,0,9
2025-08-02,0,0,0,1
2025-08-03,1,0,0,5
2025-08-04,0,0,0,3
2025-08-05,1,0,0,5
2025-08-06,0,1,1,4
2025-08-07,0,1,0,10
2025-08-08,0,1,0,5
2025-08-09,0,0,0,13
2025-08-10,0,0,0,4
2025-08-11,0,0,0,8
2025-08-12,0,0,0,7
2025-08-13,0,0,0,5
2025-08-14,0,0,0,11
2025-08-15,0,0,0,6
2025-08-16,0,0,0,21
2025-08-17,0,0,0,10
2025-08-18,0,0,0,4
2025-08-19,0,1,0,7
2025-08-20,0,1,0,6
2025-08-21,0,2,0,7
2025-08-22,0,0,0,7
2025-08-23,0,0,0,3
2025-08-24,0,0,0,10
2025-08-25,0,1,0,3
2025-08-26,0,0,0,14
2025-08-27,0,1,0,15
2025-08-28,0,0,0,13
2025-08-29,1,0,0,9
2025-08-30,0,1,1,6
2025-08-31,0,2,0,19
2025-09-01,0,0,0,4
2025-09-02,0,0,1,3
2025-09-03,0,0,1,16
2025-09-04,0,0,0,6
2025-09-05,1,0,0,6
2025-09-06,0,0,0,3
2025-09-07,0,0,0,11
2025-09-08,0,1,1,8
2025-09-09,1,0,0,6
2025-09-10,0,0,0,11
2025-09-11,0,0,0,2
2025-09-12,0,1,0,4
2025-09-13,0,0,0,9
2025-09-14,0,0,0,2
2025-09-15,1,0,0,4
2025-09-16,0,0,0,11
2025-09-17,0,0,1,10
2025-09-18,0,0,0,4
2025-09-19,0,0,0,5
2025-09-20,0,1,0,4
2025-09-21,0,0,0,8
2025-09-22,0,0,0,5
2025-09-23,0,0,0,3
2025-09-24,0,0,0,21
2025-09-25,0,1,0,4
2025-09-26,0,0,0,4
2025-09-27,0,0,0,1
2025-09-28,0,0,0,3
2025-09-29,0,0,0,3
2025-09-30,0,0,0,5
2025-10-01,0,0,0,4
2025-10-02,0,0,0,7
2025-10-03,0,0,1,2
2025-10-04,0,0,0,1
2025-10-05,3,0,0,7
2025-10-06,0,0,0,9
2025-10-07,0,0,0,6
2025-10-08,0,1,0,2
2025-10-09,2,1,0,8
2025-10-10,0,1,0,8
2025-10-11,0,0,0,1
2025-10-12,0,0,0,7
2025-10-13,1,0,0,16
2025-10-14,0,0,0,3
2025-10-15,0,0,0,6
2025-10-16,0,0,1,15
2025-10-17,0,0,0,9
2025-10-18,0,0,0,4
2025-10-19,0,0,0,4
2025-10-20,2,0,0,20
2025-10-21,0,0,0,9
2025-10-22,0,0,0,5
2025-10-23,0,0,0,5
2025-10-24,0,0,0,2
2025-10-25,8,0,0,11
2025-10-26,0,0,0,1
2025-10-27,7,0,0,20
2025-10-28,0,0,0,3
2025-10-29,0,0,0,1
2025-10-30,0,0,0,2
2025-10-31,0,0,0,3
2025-11-01,0,1,0,1
2025-11-02,0,0,0,5
2025-11-03,2,0,0,6
2025-11-04,0,0,0,11
2025-11-05,1,0,0,5
2025-11-06,0,0,0,3
2025-11-07,0,0,0,2
2025-11-08,0,0,0,2
2025-11-09,1,0,0,11
2025-11-10,0,0,0,3
2025-11-11,0,0,0,4
2025-11-12,2,0,0,5
2025-11-13,0,0,0,7
2025-11-14,3,0,0,12
2025-11-15,0,0,0,4
2025-11-16,0,0,0,5
2025-11-17,0,0,0,6
2025-11-18,0,0,0,1
2025-11-19,0,0,0,1
2025-11-20,0,0,0,1
2025-11-21,1,0,0,11
2025-11-22,0,0,0,6
2025-11-23,0,0,0,5
2025-11-24,0,1,0,2
2025-11-25,0,0,0,5
2025-11-26,0,0,0,5
2025-11-27,0,0,0,8
2025-11-28,1,0,0,2
2025-11-29,3,0,0,5
2025-11-30,0,0,0,8
2025-12-01,0,0,0,0
2025-12-02,0,0,0,13
2025-12-03,0,0,0,8
2025-12-04,0,0,0,2
2025-12-05,0,0,0,4
2025-12-06,0,0,1,10
2025-12-07,0,0,0,2
2025-12-08,0,0,0,4
2025-12-09,0,0,0,5
2025-12-10,0,0,0,6
2025-12-11,0,0,0,1
2025-12-12,0,0,0,3
2025-12-13,0,0,0,1
2025-12-14,0,0,0,5
2025-12-15,0,0,0,6
2025-12-16,0,0,0,17
2025-12-17,0,0,0,7
2025-12-18,0,1,0,4
2025-12-19,0,1,1,9
2025-12-20,1,1,0,9
2025-12-21,0,0,0,7
2025-12-22,5,0,0,20
2025-12-23,0,0,0,3
2025-12-24,0,0,0,8
2025-12-25,0,1,1,9
2025-12-26,1,0,0,15
2025-12-27,0,0,1,2
2025-12-28,0,0,0,3
2025-12-29,0,0,0,14
2025-12-30,0,0,0,4
2025-12-31,0,0,8,15
2026-01-01,0,0,0,3
2026-01-02,0,0,0,0
2026-01-03,0,0,0,1
2026-01-04,0,2,0,1
2026-01-05,0,0,0,5
2026-01-06,0,0,0,1
2026-01-07,0,0,0,7
2026-01-08,0,1,0,1
2026-01-09,0,0,1,2
2026-01-10,0,0,0,3
2026-01-11,0,0,0,3
2026-01-12,0,0,0,4
2026-01-13,0,1,0,7
2026-01-14,0,0,0,3
2026-01-15,0,0,0,5
2026-01-16,0,0,0,2
2026-01-17,0,0,0,2
2026-01-18,0,0,0,2
2026-01-19,0,0,0,4
2026-01-20,0,0,1,6
2026-01-21,0,0,0,1
2026-01-22,0,0,0,2
2026-01-23,0,0,0,5
2026-01-24,0,0,0,3
2026-01-25,0,0,0,3
2026-01-26,0,0,0,0
2026-01-27,0,0,1,1
2026-01-28,0,0,0,4
2026-01-29,0,0,0,1
2026-01-30,0,0,0,2
2026-01-31,0,0,0,6
2026-02-01,0,0,0,3
2026-02-02,0,0,0,6
2026-02-03,0,0,0,1
2026-02-04,0,0,0,3
2026-02-05,0,0,0,3
2026-02-06,0,0,0,2
2026-02-07,0,0,0,1
2026-02-08,0,0,0,4
2026-02-09,0,0,0,7
2026-02-10,0,0,0,3
2026-02-11,0,0,0,5
2026-02-12,0,0,0,3
2026-02-13,0,0,0,2
2026-02-14,0,0,0,1
2026-02-15,0,0,0,3
2026-02-16,0,0,0,1
2026-02-17,0,0,0,2
2026-02-18,2,0,0,2
2026-02-19,0,0,0,4
2026-02-20,0,1,1,2
2026-02-21,0,0,0,7
2026-02-22,0,0,1,3
2026-02-23,0,0,1,1
2026-02-24,0,0,1,1
2026-02-25,0,0,0,2
2026-02-26,0,0,0,2
2026-02-27,0,0,0,3
2026-02-28,0,0,1,10
2026-03-01,0,0,1,3
2026-03-02,0,0,0,1
2026-03-03,0,0,0,3
2026-03-04,0,0,0,3
2026-03-05,0,0,0,3
2026-03-06,0,0,0,5
2026-03-07,1,0,2,5
2026-03-08,0,0,0,3
2026-03-09,0,0,2,7
2026-03-10,0,0,1,7
2026-03-11,0,0,2,11
2026-03-12,0,0,1,9
2026-03-13,0,0,0,3
2026-03-14,0,0,0,3
2026-03-15,0,0,0,4
2026-03-16,0,0,2,10
2026-03-17,0,0,0,3
2026-03-18,0,0,1,3
2026-03-19,1,0,0,18
2026-03-20,1,0,1,3
2026-03-21,0,0,0,3
2026-03-22,0,0,1,2
2026-03-23,0,0,0,1
2026-03-24,0,0,0,1
2026-03-25,0,0,1,3
2026-03-26,0,0,0,8
2026-03-27,0,0,0,3
2026-03-28,0,0,0,16
2026-03-29,0,0,0,6
2026-03-30,0,0,0,5
2026-03-31,0,0,1,4
2026-04-01,0,0,0,3
2026-04-02,0,1,0,4
2026-04-03,0,0,1,4
2026-04-04,0,0,0,0
2026-04-05,0,0,0,2
2026-04-06,0,0,0,1
2026-04-07,0,0,1,1
2026-04-08,0,0,0,5
2026-04-09,0,0,0,6
2026-04-10,0,0,0,0
2026-04-11,0,0,0,1
2026-04-12,0,0,0,0
2026-04-13,0,0,0,2
2026-04-14,0,0,0,5
2026-04-15,0,0,1,4
2026-04-16,0,0,0,5
2026-04-17,0,0,0,7
2026-04-18,2,0,0,9
2026-04-19,0,0,0,0
2026-04-20,0,0,0,1
2026-04-21,0,0,0,2
2026-04-22,0,0,0,0
2026-04-23,0,0,1,5
2026-04-24,0,0,2,2
2026-04-25,0,0,0,2
2026-04-26,0,1,0,1
2026-04-27,0,0,0,2
2026-04-28,0,0,0,3
2026-04-29,0,0,2,0
2026-04-30,0,0,0,5
2026-05-01,0,0,0,2
2026-05-02,0,0,1,0
2026-05-03,0,0,0,6
2026-05-04,0,0,0,4
2026-05-05,0,0,1,2
2026-05-06,0,0,0,4
2026-05-07,0,0,0,5
2026-05-08,0,0,0,8
2026-05-09,0,0,0,0
2026-05-10,0,0,0,4
2026-05-11,0,0,0,3
2026-05-12,0,0,0,4
2026-05-13,0,1,0,0
2026-05-14,0,0,0,1
2026-05-15,0,0,1,2
2026-05-16,0,0,0,5
2026-05-17,0,0,2,4
2026-05-18,2,0,0,10
2026-05-19,0,0,0,11
2026-05-20,0,0,0,3
2026-05-21,0,0,1,6
2026-05-22,0,0,0,2
2026-05-23,0,0,0,4
2026-05-24,0,0,0,11
2026-05-25,0,0,0,4
2026-05-26,0,0,0,4
2026-05-27,0,0,1,8
2026-05-28,0,0,0,5
2026-05-29,0,0,2,5
2026-05-30,0,0,1,8
2026-05-31,0,0,0,1
2026-06-01,0,0,1,3
2026-06-02,0,0,0,7
2026-06-03,0,0,1,1
