date,total_losses,phase
2022-02-24,45,Phase 1: Initial Invasion (2022.2-4)
2022-02-25,51,Phase 1: Initial Invasion (2022.2-4)
2022-02-26,88,Phase 1: Initial Invasion (2022.2-4)
2022-02-27,134,Phase 1: Initial Invasion (2022.2-4)
2022-02-28,110,Phase 1: Initial Invasion (2022.2-4)
2022-03-01,141,Phase 1: Initial Invasion (2022.2-4)
2022-03-02,62,Phase 1: Initial Invasion (2022.2-4)
2022-03-03,70,Phase 1: Initial Invasion (2022.2-4)
2022-03-04,47,Phase 1: Initial Invasion (2022.2-4)
2022-03-05,72,Phase 1: Initial Invasion (2022.2-4)
2022-03-06,83,Phase 1: Initial Invasion (2022.2-4)
2022-03-07,67,Phase 1: Initial Invasion (2022.2-4)
2022-03-08,36,Phase 1: Initial Invasion (2022.2-4)
2022-03-09,19,Phase 1: Initial Invasion (2022.2-4)
2022-03-10,44,Phase 1: Initial Invasion (2022.2-4)
2022-03-11,39,Phase 1: Initial Invasion (2022.2-4)
2022-03-12,34,Phase 1: Initial Invasion (2022.2-4)
2022-03-13,56,Phase 1: Initial Invasion (2022.2-4)
2022-03-14,26,Phase 1: Initial Invasion (2022.2-4)
2022-03-15,38,Phase 1: Initial Invasion (2022.2-4)
2022-03-16,117,Phase 1: Initial Invasion (2022.2-4)
2022-03-17,64,Phase 1: Initial Invasion (2022.2-4)
2022-03-18,41,Phase 1: Initial Invasion (2022.2-4)
2022-03-19,51,Phase 1: Initial Invasion (2022.2-4)
2022-03-20,95,Phase 1: Initial Invasion (2022.2-4)
2022-03-21,32,Phase 1: Initial Invasion (2022.2-4)
2022-03-22,49,Phase 1: Initial Invasion (2022.2-4)
2022-03-23,63,Phase 1: Initial Invasion (2022.2-4)
2022-03-24,45,Phase 1: Initial Invasion (2022.2-4)
2022-03-25,26,Phase 1: Initial Invasion (2022.2-4)
2022-03-26,41,Phase 1: Initial Invasion (2022.2-4)
2022-03-27,54,Phase 1: Initial Invasion (2022.2-4)
2022-03-28,95,Phase 1: Initial Invasion (2022.2-4)
2022-03-29,32,Phase 1: Initial Invasion (2022.2-4)
2022-03-30,50,Phase 1: Initial Invasion (2022.2-4)
2022-03-31,230,Phase 1: Initial Invasion (2022.2-4)
2022-04-01,143,Phase 1: Initial Invasion (2022.2-4)
2022-04-02,101,Phase 1: Initial Invasion (2022.2-4)
2022-04-03,95,Phase 1: Initial Invasion (2022.2-4)
2022-04-04,82,Phase 1: Initial Invasion (2022.2-4)
2022-04-05,71,Phase 1: Initial Invasion (2022.2-4)
2022-04-06,49,Phase 1: Initial Invasion (2022.2-4)
2022-04-07,79,Phase 1: Initial Invasion (2022.2-4)
2022-04-08,35,Phase 1: Initial Invasion (2022.2-4)
2022-04-09,32,Phase 1: Initial Invasion (2022.2-4)
2022-04-10,21,Phase 1: Initial Invasion (2022.2-4)
2022-04-11,61,Phase 1: Initial Invasion (2022.2-4)
2022-04-12,23,Phase 1: Initial Invasion (2022.2-4)
2022-04-13,25,Phase 1: Initial Invasion (2022.2-4)
2022-04-14,21,Phase 1: Initial Invasion (2022.2-4)
2022-04-15,8,Phase 1: Initial Invasion (2022.2-4)
2022-04-16,14,Phase 1: Initial Invasion (2022.2-4)
2022-04-17,36,Phase 1: Initial Invasion (2022.2-4)
2022-04-18,16,Phase 1: Initial Invasion (2022.2-4)
2022-04-19,32,Phase 1: Initial Invasion (2022.2-4)
2022-04-20,14,Phase 1: Initial Invasion (2022.2-4)
2022-04-21,26,Phase 1: Initial Invasion (2022.2-4)
2022-04-22,25,Phase 1: Initial Invasion (2022.2-4)
2022-04-23,9,Phase 1: Initial Invasion (2022.2-4)
2022-04-24,6,Phase 1: Initial Invasion (2022.2-4)
2022-04-25,30,Phase 1: Initial Invasion (2022.2-4)
2022-04-26,31,Phase 1: Initial Invasion (2022.2-4)
2022-04-27,11,Phase 1: Initial Invasion (2022.2-4)
2022-04-28,22,Phase 1: Initial Invasion (2022.2-4)
2022-04-29,19,Phase 1: Initial Invasion (2022.2-4)
2022-04-30,39,Phase 1: Initial Invasion (2022.2-4)
2022-05-01,35,Phase 2: Donbas Offensive (2022.5-8)
2022-05-02,18,Phase 2: Donbas Offensive (2022.5-8)
2022-05-03,48,Phase 2: Donbas Offensive (2022.5-8)
2022-05-04,26,Phase 2: Donbas Offensive (2022.5-8)
2022-05-05,24,Phase 2: Donbas Offensive (2022.5-8)
2022-05-06,27,Phase 2: Donbas Offensive (2022.5-8)
2022-05-07,18,Phase 2: Donbas Offensive (2022.5-8)
2022-05-08,40,Phase 2: Donbas Offensive (2022.5-8)
2022-05-09,28,Phase 2: Donbas Offensive (2022.5-8)
2022-05-10,28,Phase 2: Donbas Offensive (2022.5-8)
2022-05-11,40,Phase 2: Donbas Offensive (2022.5-8)
2022-05-12,68,Phase 2: Donbas Offensive (2022.5-8)
2022-05-13,17,Phase 2: Donbas Offensive (2022.5-8)
2022-05-14,15,Phase 2: Donbas Offensive (2022.5-8)
2022-05-15,26,Phase 2: Donbas Offensive (2022.5-8)
2022-05-16,11,Phase 2: Donbas Offensive (2022.5-8)
2022-05-17,13,Phase 2: Donbas Offensive (2022.5-8)
2022-05-18,14,Phase 2: Donbas Offensive (2022.5-8)
2022-05-19,9,Phase 2: Donbas Offensive (2022.5-8)
2022-05-20,25,Phase 2: Donbas Offensive (2022.5-8)
2022-05-21,24,Phase 2: Donbas Offensive (2022.5-8)
2022-05-22,5,Phase 2: Donbas Offensive (2022.5-8)
2022-05-23,4,Phase 2: Donbas Offensive (2022.5-8)
2022-05-24,15,Phase 2: Donbas Offensive (2022.5-8)
2022-05-25,12,Phase 2: Donbas Offensive (2022.5-8)
2022-05-26,6,Phase 2: Donbas Offensive (2022.5-8)
2022-05-27,6,Phase 2: Donbas Offensive (2022.5-8)
2022-05-28,4,Phase 2: Donbas Offensive (2022.5-8)
2022-05-29,4,Phase 2: Donbas Offensive (2022.5-8)
2022-05-30,36,Phase 2: Donbas Offensive (2022.5-8)
2022-05-31,46,Phase 2: Donbas Offensive (2022.5-8)
2022-06-01,13,Phase 2: Donbas Offensive (2022.5-8)
2022-06-02,5,Phase 2: Donbas Offensive (2022.5-8)
2022-06-03,5,Phase 2: Donbas Offensive (2022.5-8)
2022-06-04,24,Phase 2: Donbas Offensive (2022.5-8)
2022-06-05,5,Phase 2: Donbas Offensive (2022.5-8)
2022-06-06,18,Phase 2: Donbas Offensive (2022.5-8)
2022-06-07,9,Phase 2: Donbas Offensive (2022.5-8)
2022-06-08,21,Phase 2: Donbas Offensive (2022.5-8)
2022-06-09,19,Phase 2: Donbas Offensive (2022.5-8)
2022-06-10,23,Phase 2: Donbas Offensive (2022.5-8)
2022-06-11,17,Phase 2: Donbas Offensive (2022.5-8)
2022-06-12,8,Phase 2: Donbas Offensive (2022.5-8)
2022-06-13,36,Phase 2: Donbas Offensive (2022.5-8)
2022-06-14,17,Phase 2: Donbas Offensive (2022.5-8)
2022-06-15,8,Phase 2: Donbas Offensive (2022.5-8)
2022-06-16,11,Phase 2: Donbas Offensive (2022.5-8)
2022-06-17,16,Phase 2: Donbas Offensive (2022.5-8)
2022-06-18,4,Phase 2: Donbas Offensive (2022.5-8)
2022-06-19,13,Phase 2: Donbas Offensive (2022.5-8)
2022-06-20,6,Phase 2: Donbas Offensive (2022.5-8)
2022-06-21,17,Phase 2: Donbas Offensive (2022.5-8)
2022-06-22,7,Phase 2: Donbas Offensive (2022.5-8)
2022-06-23,13,Phase 2: Donbas Offensive (2022.5-8)
2022-06-24,20,Phase 2: Donbas Offensive (2022.5-8)
2022-06-25,13,Phase 2: Donbas Offensive (2022.5-8)
2022-06-26,5,Phase 2: Donbas Offensive (2022.5-8)
2022-06-27,22,Phase 2: Donbas Offensive (2022.5-8)
2022-06-28,12,Phase 2: Donbas Offensive (2022.5-8)
2022-06-29,8,Phase 2: Donbas Offensive (2022.5-8)
2022-06-30,16,Phase 2: Donbas Offensive (2022.5-8)
2022-07-01,21,Phase 2: Donbas Offensive (2022.5-8)
2022-07-02,29,Phase 2: Donbas Offensive (2022.5-8)
2022-07-03,20,Phase 2: Donbas Offensive (2022.5-8)
2022-07-04,21,Phase 2: Donbas Offensive (2022.5-8)
2022-07-05,16,Phase 2: Donbas Offensive (2022.5-8)
2022-07-06,2,Phase 2: Donbas Offensive (2022.5-8)
2022-07-07,23,Phase 2: Donbas Offensive (2022.5-8)
2022-07-08,14,Phase 2: Donbas Offensive (2022.5-8)
2022-07-09,18,Phase 2: Donbas Offensive (2022.5-8)
2022-07-10,4,Phase 2: Donbas Offensive (2022.5-8)
2022-07-11,9,Phase 2: Donbas Offensive (2022.5-8)
2022-07-12,9,Phase 2: Donbas Offensive (2022.5-8)
2022-07-13,9,Phase 2: Donbas Offensive (2022.5-8)
2022-07-14,12,Phase 2: Donbas Offensive (2022.5-8)
2022-07-15,13,Phase 2: Donbas Offensive (2022.5-8)
2022-07-16,4,Phase 2: Donbas Offensive (2022.5-8)
2022-07-17,5,Phase 2: Donbas Offensive (2022.5-8)
2022-07-18,7,Phase 2: Donbas Offensive (2022.5-8)
2022-07-19,12,Phase 2: Donbas Offensive (2022.5-8)
2022-07-20,7,Phase 2: Donbas Offensive (2022.5-8)
2022-07-21,9,Phase 2: Donbas Offensive (2022.5-8)
2022-07-22,12,Phase 2: Donbas Offensive (2022.5-8)
2022-07-23,6,Phase 2: Donbas Offensive (2022.5-8)
2022-07-24,11,Phase 2: Donbas Offensive (2022.5-8)
2022-07-25,5,Phase 2: Donbas Offensive (2022.5-8)
2022-07-26,10,Phase 2: Donbas Offensive (2022.5-8)
2022-07-27,10,Phase 2: Donbas Offensive (2022.5-8)
2022-07-28,4,Phase 2: Donbas Offensive (2022.5-8)
2022-07-29,12,Phase 2: Donbas Offensive (2022.5-8)
2022-07-30,13,Phase 2: Donbas Offensive (2022.5-8)
2022-07-31,35,Phase 2: Donbas Offensive (2022.5-8)
2022-08-01,22,Phase 2: Donbas Offensive (2022.5-8)
2022-08-02,6,Phase 2: Donbas Offensive (2022.5-8)
2022-08-03,6,Phase 2: Donbas Offensive (2022.5-8)
2022-08-04,4,Phase 2: Donbas Offensive (2022.5-8)
2022-08-05,6,Phase 2: Donbas Offensive (2022.5-8)
2022-08-06,7,Phase 2: Donbas Offensive (2022.5-8)
2022-08-07,12,Phase 2: Donbas Offensive (2022.5-8)
2022-08-08,14,Phase 2: Donbas Offensive (2022.5-8)
2022-08-09,30,Phase 2: Donbas Offensive (2022.5-8)
2022-08-10,18,Phase 2: Donbas Offensive (2022.5-8)
2022-08-11,15,Phase 2: Donbas Offensive (2022.5-8)
2022-08-12,6,Phase 2: Donbas Offensive (2022.5-8)
2022-08-13,5,Phase 2: Donbas Offensive (2022.5-8)
2022-08-14,4,Phase 2: Donbas Offensive (2022.5-8)
2022-08-15,7,Phase 2: Donbas Offensive (2022.5-8)
2022-08-16,3,Phase 2: Donbas Offensive (2022.5-8)
2022-08-17,9,Phase 2: Donbas Offensive (2022.5-8)
2022-08-18,8,Phase 2: Donbas Offensive (2022.5-8)
2022-08-19,3,Phase 2: Donbas Offensive (2022.5-8)
2022-08-20,5,Phase 2: Donbas Offensive (2022.5-8)
2022-08-21,9,Phase 2: Donbas Offensive (2022.5-8)
2022-08-22,14,Phase 2: Donbas Offensive (2022.5-8)
2022-08-23,15,Phase 2: Donbas Offensive (2022.5-8)
2022-08-24,8,Phase 2: Donbas Offensive (2022.5-8)
2022-08-25,15,Phase 2: Donbas Offensive (2022.5-8)
2022-08-26,6,Phase 2: Donbas Offensive (2022.5-8)
2022-08-27,18,Phase 2: Donbas Offensive (2022.5-8)
2022-08-28,9,Phase 2: Donbas Offensive (2022.5-8)
2022-08-29,5,Phase 2: Donbas Offensive (2022.5-8)
2022-08-30,17,Phase 2: Donbas Offensive (2022.5-8)
2022-08-31,56,Phase 2: Donbas Offensive (2022.5-8)
2022-09-01,9,Phase 3: Counteroffensive (2022.9-12)
2022-09-02,19,Phase 3: Counteroffensive (2022.9-12)
2022-09-03,18,Phase 3: Counteroffensive (2022.9-12)
2022-09-04,9,Phase 3: Counteroffensive (2022.9-12)
2022-09-05,20,Phase 3: Counteroffensive (2022.9-12)
2022-09-06,16,Phase 3: Counteroffensive (2022.9-12)
2022-09-07,37,Phase 3: Counteroffensive (2022.9-12)
2022-09-08,48,Phase 3: Counteroffensive (2022.9-12)
2022-09-09,58,Phase 3: Counteroffensive (2022.9-12)
2022-09-10,60,Phase 3: Counteroffensive (2022.9-12)
2022-09-11,134,Phase 3: Counteroffensive (2022.9-12)
2022-09-12,104,Phase 3: Counteroffensive (2022.9-12)
2022-09-13,68,Phase 3: Counteroffensive (2022.9-12)
2022-09-14,97,Phase 3: Counteroffensive (2022.9-12)
2022-09-15,58,Phase 3: Counteroffensive (2022.9-12)
2022-09-16,29,Phase 3: Counteroffensive (2022.9-12)
2022-09-17,25,Phase 3: Counteroffensive (2022.9-12)
2022-09-18,25,Phase 3: Counteroffensive (2022.9-12)
2022-09-19,25,Phase 3: Counteroffensive (2022.9-12)
2022-09-20,15,Phase 3: Counteroffensive (2022.9-12)
2022-09-21,35,Phase 3: Counteroffensive (2022.9-12)
2022-09-22,37,Phase 3: Counteroffensive (2022.9-12)
2022-09-23,24,Phase 3: Counteroffensive (2022.9-12)
2022-09-24,29,Phase 3: Counteroffensive (2022.9-12)
2022-09-25,11,Phase 3: Counteroffensive (2022.9-12)
2022-09-26,35,Phase 3: Counteroffensive (2022.9-12)
2022-09-27,28,Phase 3: Counteroffensive (2022.9-12)
2022-09-28,37,Phase 3: Counteroffensive (2022.9-12)
2022-09-29,28,Phase 3: Counteroffensive (2022.9-12)
2022-09-30,43,Phase 3: Counteroffensive (2022.9-12)
2022-10-01,35,Phase 3: Counteroffensive (2022.9-12)
2022-10-02,46,Phase 3: Counteroffensive (2022.9-12)
2022-10-03,38,Phase 3: Counteroffensive (2022.9-12)
2022-10-04,47,Phase 3: Counteroffensive (2022.9-12)
2022-10-05,51,Phase 3: Counteroffensive (2022.9-12)
2022-10-06,47,Phase 3: Counteroffensive (2022.9-12)
2022-10-07,43,Phase 3: Counteroffensive (2022.9-12)
2022-10-08,35,Phase 3: Counteroffensive (2022.9-12)
2022-10-09,28,Phase 3: Counteroffensive (2022.9-12)
2022-10-10,40,Phase 3: Counteroffensive (2022.9-12)
2022-10-11,25,Phase 3: Counteroffensive (2022.9-12)
2022-10-12,25,Phase 3: Counteroffensive (2022.9-12)
2022-10-13,5,Phase 3: Counteroffensive (2022.9-12)
2022-10-14,35,Phase 3: Counteroffensive (2022.9-12)
2022-10-15,13,Phase 3: Counteroffensive (2022.9-12)
2022-10-16,12,Phase 3: Counteroffensive (2022.9-12)
2022-10-17,16,Phase 3: Counteroffensive (2022.9-12)
2022-10-18,18,Phase 3: Counteroffensive (2022.9-12)
2022-10-19,19,Phase 3: Counteroffensive (2022.9-12)
2022-10-20,30,Phase 3: Counteroffensive (2022.9-12)
2022-10-21,16,Phase 3: Counteroffensive (2022.9-12)
2022-10-22,19,Phase 3: Counteroffensive (2022.9-12)
2022-10-23,14,Phase 3: Counteroffensive (2022.9-12)
2022-10-24,30,Phase 3: Counteroffensive (2022.9-12)
2022-10-25,12,Phase 3: Counteroffensive (2022.9-12)
2022-10-26,28,Phase 3: Counteroffensive (2022.9-12)
2022-10-27,13,Phase 3: Counteroffensive (2022.9-12)
2022-10-28,16,Phase 3: Counteroffensive (2022.9-12)
2022-10-29,15,Phase 3: Counteroffensive (2022.9-12)
2022-10-30,18,Phase 3: Counteroffensive (2022.9-12)
2022-10-31,32,Phase 3: Counteroffensive (2022.9-12)
2022-11-01,32,Phase 3: Counteroffensive (2022.9-12)
2022-11-02,11,Phase 3: Counteroffensive (2022.9-12)
2022-11-03,13,Phase 3: Counteroffensive (2022.9-12)
2022-11-04,8,Phase 3: Counteroffensive (2022.9-12)
2022-11-05,14,Phase 3: Counteroffensive (2022.9-12)
2022-11-06,11,Phase 3: Counteroffensive (2022.9-12)
2022-11-07,17,Phase 3: Counteroffensive (2022.9-12)
2022-11-08,13,Phase 3: Counteroffensive (2022.9-12)
2022-11-09,22,Phase 3: Counteroffensive (2022.9-12)
2022-11-10,45,Phase 3: Counteroffensive (2022.9-12)
2022-11-11,38,Phase 3: Counteroffensive (2022.9-12)
2022-11-12,41,Phase 3: Counteroffensive (2022.9-12)
2022-11-13,53,Phase 3: Counteroffensive (2022.9-12)
2022-11-14,10,Phase 3: Counteroffensive (2022.9-12)
2022-11-15,32,Phase 3: Counteroffensive (2022.9-12)
2022-11-16,23,Phase 3: Counteroffensive (2022.9-12)
2022-11-17,9,Phase 3: Counteroffensive (2022.9-12)
2022-11-18,21,Phase 3: Counteroffensive (2022.9-12)
2022-11-19,16,Phase 3: Counteroffensive (2022.9-12)
2022-11-20,16,Phase 3: Counteroffensive (2022.9-12)
2022-11-21,7,Phase 3: Counteroffensive (2022.9-12)
2022-11-22,12,Phase 3: Counteroffensive (2022.9-12)
2022-11-23,5,Phase 3: Counteroffensive (2022.9-12)
2022-11-24,7,Phase 3: Counteroffensive (2022.9-12)
2022-11-25,16,Phase 3: Counteroffensive (2022.9-12)
2022-11-26,13,Phase 3: Counteroffensive (2022.9-12)
2022-11-27,6,Phase 3: Counteroffensive (2022.9-12)
2022-11-28,18,Phase 3: Counteroffensive (2022.9-12)
2022-11-29,9,Phase 3: Counteroffensive (2022.9-12)
2022-11-30,210,Phase 3: Counteroffensive (2022.9-12)
2022-12-01,5,Phase 3: Counteroffensive (2022.9-12)
2022-12-02,9,Phase 3: Counteroffensive (2022.9-12)
2022-12-03,10,Phase 3: Counteroffensive (2022.9-12)
2022-12-04,10,Phase 3: Counteroffensive (2022.9-12)
2022-12-05,14,Phase 3: Counteroffensive (2022.9-12)
2022-12-06,17,Phase 3: Counteroffensive (2022.9-12)
2022-12-07,6,Phase 3: Counteroffensive (2022.9-12)
2022-12-08,11,Phase 3: Counteroffensive (2022.9-12)
2022-12-09,10,Phase 3: Counteroffensive (2022.9-12)
2022-12-10,6,Phase 3: Counteroffensive (2022.9-12)
2022-12-11,9,Phase 3: Counteroffensive (2022.9-12)
2022-12-12,6,Phase 3: Counteroffensive (2022.9-12)
2022-12-13,14,Phase 3: Counteroffensive (2022.9-12)
2022-12-14,3,Phase 3: Counteroffensive (2022.9-12)
2022-12-15,9,Phase 3: Counteroffensive (2022.9-12)
2022-12-16,7,Phase 3: Counteroffensive (2022.9-12)
2022-12-17,0,Phase 3: Counteroffensive (2022.9-12)
2022-12-18,6,Phase 3: Counteroffensive (2022.9-12)
2022-12-19,3,Phase 3: Counteroffensive (2022.9-12)
2022-12-20,8,Phase 3: Counteroffensive (2022.9-12)
2022-12-21,3,Phase 3: Counteroffensive (2022.9-12)
2022-12-22,8,Phase 3: Counteroffensive (2022.9-12)
2022-12-23,5,Phase 3: Counteroffensive (2022.9-12)
2022-12-24,5,Phase 3: Counteroffensive (2022.9-12)
2022-12-25,5,Phase 3: Counteroffensive (2022.9-12)
2022-12-26,5,Phase 3: Counteroffensive (2022.9-12)
2022-12-27,9,Phase 3: Counteroffensive (2022.9-12)
2022-12-28,6,Phase 3: Counteroffensive (2022.9-12)
2022-12-29,10,Phase 3: Counteroffensive (2022.9-12)
2022-12-30,9,Phase 3: Counteroffensive (2022.9-12)
2022-12-31,42,Phase 3: Counteroffensive (2022.9-12)
2023-01-01,8,Phase 4: Bakhmut/Winter (2023.1-5)
2023-01-02,4,Phase 4: Bakhmut/Winter (2023.1-5)
2023-01-03,4,Phase 4: Bakhmut/Winter (2023.1-5)
2023-01-04,13,Phase 4: Bakhmut/Winter (2023.1-5)
2023-01-05,9,Phase 4: Bakhmut/Winter (2023.1-5)
2023-01-06,7,Phase 4: Bakhmut/Winter (2023.1-5)
2023-01-07,7,Phase 4: Bakhmut/Winter (2023.1-5)
2023-01-08,10,Phase 4: Bakhmut/Winter (2023.1-5)
2023-01-09,8,Phase 4: Bakhmut/Winter (2023.1-5)
2023-01-10,5,Phase 4: Bakhmut/Winter (2023.1-5)
2023-01-11,5,Phase 4: Bakhmut/Winter (2023.1-5)
2023-01-12,5,Phase 4: Bakhmut/Winter (2023.1-5)
2023-01-13,6,Phase 4: Bakhmut/Winter (2023.1-5)
2023-01-14,20,Phase 4: Bakhmut/Winter (2023.1-5)
2023-01-15,11,Phase 4: Bakhmut/Winter (2023.1-5)
2023-01-16,11,Phase 4: Bakhmut/Winter (2023.1-5)
2023-01-17,8,Phase 4: Bakhmut/Winter (2023.1-5)
2023-01-18,7,Phase 4: Bakhmut/Winter (2023.1-5)
2023-01-19,4,Phase 4: Bakhmut/Winter (2023.1-5)
2023-01-20,8,Phase 4: Bakhmut/Winter (2023.1-5)
2023-01-21,8,Phase 4: Bakhmut/Winter (2023.1-5)
2023-01-22,4,Phase 4: Bakhmut/Winter (2023.1-5)
2023-01-23,12,Phase 4: Bakhmut/Winter (2023.1-5)
2023-01-24,14,Phase 4: Bakhmut/Winter (2023.1-5)
2023-01-25,9,Phase 4: Bakhmut/Winter (2023.1-5)
2023-01-26,7,Phase 4: Bakhmut/Winter (2023.1-5)
2023-01-27,6,Phase 4: Bakhmut/Winter (2023.1-5)
2023-01-28,12,Phase 4: Bakhmut/Winter (2023.1-5)
2023-01-29,6,Phase 4: Bakhmut/Winter (2023.1-5)
2023-01-30,8,Phase 4: Bakhmut/Winter (2023.1-5)
2023-01-31,16,Phase 4: Bakhmut/Winter (2023.1-5)
2023-02-01,5,Phase 4: Bakhmut/Winter (2023.1-5)
2023-02-02,9,Phase 4: Bakhmut/Winter (2023.1-5)
2023-02-03,8,Phase 4: Bakhmut/Winter (2023.1-5)
2023-02-04,14,Phase 4: Bakhmut/Winter (2023.1-5)
2023-02-05,9,Phase 4: Bakhmut/Winter (2023.1-5)
2023-02-06,30,Phase 4: Bakhmut/Winter (2023.1-5)
2023-02-07,7,Phase 4: Bakhmut/Winter (2023.1-5)
2023-02-08,24,Phase 4: Bakhmut/Winter (2023.1-5)
2023-02-09,10,Phase 4: Bakhmut/Winter (2023.1-5)
2023-02-10,17,Phase 4: Bakhmut/Winter (2023.1-5)
2023-02-11,16,Phase 4: Bakhmut/Winter (2023.1-5)
2023-02-12,9,Phase 4: Bakhmut/Winter (2023.1-5)
2023-02-13,14,Phase 4: Bakhmut/Winter (2023.1-5)
2023-02-14,13,Phase 4: Bakhmut/Winter (2023.1-5)
2023-02-15,5,Phase 4: Bakhmut/Winter (2023.1-5)
2023-02-16,5,Phase 4: Bakhmut/Winter (2023.1-5)
2023-02-17,13,Phase 4: Bakhmut/Winter (2023.1-5)
2023-02-18,7,Phase 4: Bakhmut/Winter (2023.1-5)
2023-02-19,12,Phase 4: Bakhmut/Winter (2023.1-5)
2023-02-20,4,Phase 4: Bakhmut/Winter (2023.1-5)
2023-02-21,25,Phase 4: Bakhmut/Winter (2023.1-5)
2023-02-22,13,Phase 4: Bakhmut/Winter (2023.1-5)
2023-02-23,20,Phase 4: Bakhmut/Winter (2023.1-5)
2023-02-24,5,Phase 4: Bakhmut/Winter (2023.1-5)
2023-02-25,8,Phase 4: Bakhmut/Winter (2023.1-5)
2023-02-26,2,Phase 4: Bakhmut/Winter (2023.1-5)
2023-02-27,6,Phase 4: Bakhmut/Winter (2023.1-5)
2023-02-28,81,Phase 4: Bakhmut/Winter (2023.1-5)
2023-03-01,4,Phase 4: Bakhmut/Winter (2023.1-5)
2023-03-02,9,Phase 4: Bakhmut/Winter (2023.1-5)
2023-03-03,17,Phase 4: Bakhmut/Winter (2023.1-5)
2023-03-04,13,Phase 4: Bakhmut/Winter (2023.1-5)
2023-03-05,12,Phase 4: Bakhmut/Winter (2023.1-5)
2023-03-06,8,Phase 4: Bakhmut/Winter (2023.1-5)
2023-03-07,12,Phase 4: Bakhmut/Winter (2023.1-5)
2023-03-08,8,Phase 4: Bakhmut/Winter (2023.1-5)
2023-03-09,3,Phase 4: Bakhmut/Winter (2023.1-5)
2023-03-10,12,Phase 4: Bakhmut/Winter (2023.1-5)
2023-03-11,8,Phase 4: Bakhmut/Winter (2023.1-5)
2023-03-12,6,Phase 4: Bakhmut/Winter (2023.1-5)
2023-03-13,9,Phase 4: Bakhmut/Winter (2023.1-5)
2023-03-14,18,Phase 4: Bakhmut/Winter (2023.1-5)
2023-03-15,12,Phase 4: Bakhmut/Winter (2023.1-5)
2023-03-16,16,Phase 4: Bakhmut/Winter (2023.1-5)
2023-03-17,9,Phase 4: Bakhmut/Winter (2023.1-5)
2023-03-18,8,Phase 4: Bakhmut/Winter (2023.1-5)
2023-03-19,8,Phase 4: Bakhmut/Winter (2023.1-5)
2023-03-20,17,Phase 4: Bakhmut/Winter (2023.1-5)
2023-03-21,2,Phase 4: Bakhmut/Winter (2023.1-5)
2023-03-22,14,Phase 4: Bakhmut/Winter (2023.1-5)
2023-03-23,21,Phase 4: Bakhmut/Winter (2023.1-5)
2023-03-24,13,Phase 4: Bakhmut/Winter (2023.1-5)
2023-03-25,11,Phase 4: Bakhmut/Winter (2023.1-5)
2023-03-26,8,Phase 4: Bakhmut/Winter (2023.1-5)
2023-03-27,8,Phase 4: Bakhmut/Winter (2023.1-5)
2023-03-28,9,Phase 4: Bakhmut/Winter (2023.1-5)
2023-03-29,9,Phase 4: Bakhmut/Winter (2023.1-5)
2023-03-30,6,Phase 4: Bakhmut/Winter (2023.1-5)
2023-03-31,20,Phase 4: Bakhmut/Winter (2023.1-5)
2023-04-01,2,Phase 4: Bakhmut/Winter (2023.1-5)
2023-04-02,11,Phase 4: Bakhmut/Winter (2023.1-5)
2023-04-03,5,Phase 4: Bakhmut/Winter (2023.1-5)
2023-04-04,8,Phase 4: Bakhmut/Winter (2023.1-5)
2023-04-05,6,Phase 4: Bakhmut/Winter (2023.1-5)
2023-04-06,7,Phase 4: Bakhmut/Winter (2023.1-5)
2023-04-07,9,Phase 4: Bakhmut/Winter (2023.1-5)
2023-04-08,9,Phase 4: Bakhmut/Winter (2023.1-5)
2023-04-09,8,Phase 4: Bakhmut/Winter (2023.1-5)
2023-04-10,12,Phase 4: Bakhmut/Winter (2023.1-5)
2023-04-11,5,Phase 4: Bakhmut/Winter (2023.1-5)
2023-04-12,5,Phase 4: Bakhmut/Winter (2023.1-5)
2023-04-13,6,Phase 4: Bakhmut/Winter (2023.1-5)
2023-04-14,2,Phase 4: Bakhmut/Winter (2023.1-5)
2023-04-15,6,Phase 4: Bakhmut/Winter (2023.1-5)
2023-04-16,7,Phase 4: Bakhmut/Winter (2023.1-5)
2023-04-17,4,Phase 4: Bakhmut/Winter (2023.1-5)
2023-04-18,9,Phase 4: Bakhmut/Winter (2023.1-5)
2023-04-19,6,Phase 4: Bakhmut/Winter (2023.1-5)
2023-04-20,10,Phase 4: Bakhmut/Winter (2023.1-5)
2023-04-21,6,Phase 4: Bakhmut/Winter (2023.1-5)
2023-04-22,2,Phase 4: Bakhmut/Winter (2023.1-5)
2023-04-23,7,Phase 4: Bakhmut/Winter (2023.1-5)
2023-04-24,5,Phase 4: Bakhmut/Winter (2023.1-5)
2023-04-25,12,Phase 4: Bakhmut/Winter (2023.1-5)
2023-04-26,12,Phase 4: Bakhmut/Winter (2023.1-5)
2023-04-27,11,Phase 4: Bakhmut/Winter (2023.1-5)
2023-04-28,14,Phase 4: Bakhmut/Winter (2023.1-5)
2023-04-29,6,Phase 4: Bakhmut/Winter (2023.1-5)
2023-04-30,13,Phase 4: Bakhmut/Winter (2023.1-5)
2023-05-01,5,Phase 4: Bakhmut/Winter (2023.1-5)
2023-05-02,5,Phase 4: Bakhmut/Winter (2023.1-5)
2023-05-03,6,Phase 4: Bakhmut/Winter (2023.1-5)
2023-05-04,6,Phase 4: Bakhmut/Winter (2023.1-5)
2023-05-05,13,Phase 4: Bakhmut/Winter (2023.1-5)
2023-05-06,14,Phase 4: Bakhmut/Winter (2023.1-5)
2023-05-07,8,Phase 4: Bakhmut/Winter (2023.1-5)
2023-05-08,3,Phase 4: Bakhmut/Winter (2023.1-5)
2023-05-09,8,Phase 4: Bakhmut/Winter (2023.1-5)
2023-05-10,12,Phase 4: Bakhmut/Winter (2023.1-5)
2023-05-11,3,Phase 4: Bakhmut/Winter (2023.1-5)
2023-05-12,10,Phase 4: Bakhmut/Winter (2023.1-5)
2023-05-13,12,Phase 4: Bakhmut/Winter (2023.1-5)
2023-05-14,8,Phase 4: Bakhmut/Winter (2023.1-5)
2023-05-15,14,Phase 4: Bakhmut/Winter (2023.1-5)
2023-05-16,6,Phase 4: Bakhmut/Winter (2023.1-5)
2023-05-17,8,Phase 4: Bakhmut/Winter (2023.1-5)
2023-05-18,10,Phase 4: Bakhmut/Winter (2023.1-5)
2023-05-19,10,Phase 4: Bakhmut/Winter (2023.1-5)
2023-05-20,14,Phase 4: Bakhmut/Winter (2023.1-5)
2023-05-21,10,Phase 4: Bakhmut/Winter (2023.1-5)
2023-05-22,16,Phase 4: Bakhmut/Winter (2023.1-5)
2023-05-23,14,Phase 4: Bakhmut/Winter (2023.1-5)
2023-05-24,8,Phase 4: Bakhmut/Winter (2023.1-5)
2023-05-25,6,Phase 4: Bakhmut/Winter (2023.1-5)
2023-05-26,13,Phase 4: Bakhmut/Winter (2023.1-5)
2023-05-27,13,Phase 4: Bakhmut/Winter (2023.1-5)
2023-05-28,3,Phase 4: Bakhmut/Winter (2023.1-5)
2023-05-29,7,Phase 4: Bakhmut/Winter (2023.1-5)
2023-05-30,13,Phase 4: Bakhmut/Winter (2023.1-5)
2023-05-31,25,Phase 4: Bakhmut/Winter (2023.1-5)
2023-06-01,12,Phase 5: Summer 2023 (2023.6-9)
2023-06-02,9,Phase 5: Summer 2023 (2023.6-9)
2023-06-03,9,Phase 5: Summer 2023 (2023.6-9)
2023-06-04,11,Phase 5: Summer 2023 (2023.6-9)
2023-06-05,20,Phase 5: Summer 2023 (2023.6-9)
2023-06-06,8,Phase 5: Summer 2023 (2023.6-9)
2023-06-07,7,Phase 5: Summer 2023 (2023.6-9)
2023-06-08,11,Phase 5: Summer 2023 (2023.6-9)
2023-06-09,7,Phase 5: Summer 2023 (2023.6-9)
2023-06-10,15,Phase 5: Summer 2023 (2023.6-9)
2023-06-11,6,Phase 5: Summer 2023 (2023.6-9)
2023-06-12,13,Phase 5: Summer 2023 (2023.6-9)
2023-06-13,18,Phase 5: Summer 2023 (2023.6-9)
2023-06-14,12,Phase 5: Summer 2023 (2023.6-9)
2023-06-15,15,Phase 5: Summer 2023 (2023.6-9)
2023-06-16,9,Phase 5: Summer 2023 (2023.6-9)
2023-06-17,21,Phase 5: Summer 2023 (2023.6-9)
2023-06-18,10,Phase 5: Summer 2023 (2023.6-9)
2023-06-19,11,Phase 5: Summer 2023 (2023.6-9)
2023-06-20,14,Phase 5: Summer 2023 (2023.6-9)
2023-06-21,7,Phase 5: Summer 2023 (2023.6-9)
2023-06-22,13,Phase 5: Summer 2023 (2023.6-9)
2023-06-23,15,Phase 5: Summer 2023 (2023.6-9)
2023-06-24,17,Phase 5: Summer 2023 (2023.6-9)
2023-06-25,13,Phase 5: Summer 2023 (2023.6-9)
2023-06-26,7,Phase 5: Summer 2023 (2023.6-9)
2023-06-27,10,Phase 5: Summer 2023 (2023.6-9)
2023-06-28,14,Phase 5: Summer 2023 (2023.6-9)
2023-06-29,19,Phase 5: Summer 2023 (2023.6-9)
2023-06-30,13,Phase 5: Summer 2023 (2023.6-9)
2023-07-01,10,Phase 5: Summer 2023 (2023.6-9)
2023-07-02,6,Phase 5: Summer 2023 (2023.6-9)
2023-07-03,13,Phase 5: Summer 2023 (2023.6-9)
2023-07-04,16,Phase 5: Summer 2023 (2023.6-9)
2023-07-05,24,Phase 5: Summer 2023 (2023.6-9)
2023-07-06,13,Phase 5: Summer 2023 (2023.6-9)
2023-07-07,4,Phase 5: Summer 2023 (2023.6-9)
2023-07-08,10,Phase 5: Summer 2023 (2023.6-9)
2023-07-09,12,Phase 5: Summer 2023 (2023.6-9)
2023-07-10,8,Phase 5: Summer 2023 (2023.6-9)
2023-07-11,8,Phase 5: Summer 2023 (2023.6-9)
2023-07-12,27,Phase 5: Summer 2023 (2023.6-9)
2023-07-13,12,Phase 5: Summer 2023 (2023.6-9)
2023-07-14,10,Phase 5: Summer 2023 (2023.6-9)
2023-07-15,7,Phase 5: Summer 2023 (2023.6-9)
2023-07-16,15,Phase 5: Summer 2023 (2023.6-9)
2023-07-17,24,Phase 5: Summer 2023 (2023.6-9)
2023-07-18,18,Phase 5: Summer 2023 (2023.6-9)
2023-07-19,10,Phase 5: Summer 2023 (2023.6-9)
2023-07-20,17,Phase 5: Summer 2023 (2023.6-9)
2023-07-21,13,Phase 5: Summer 2023 (2023.6-9)
2023-07-22,9,Phase 5: Summer 2023 (2023.6-9)
2023-07-23,14,Phase 5: Summer 2023 (2023.6-9)
2023-07-24,15,Phase 5: Summer 2023 (2023.6-9)
2023-07-25,16,Phase 5: Summer 2023 (2023.6-9)
2023-07-26,16,Phase 5: Summer 2023 (2023.6-9)
2023-07-27,7,Phase 5: Summer 2023 (2023.6-9)
2023-07-28,13,Phase 5: Summer 2023 (2023.6-9)
2023-07-29,11,Phase 5: Summer 2023 (2023.6-9)
2023-07-30,15,Phase 5: Summer 2023 (2023.6-9)
2023-07-31,18,Phase 5: Summer 2023 (2023.6-9)
2023-08-01,16,Phase 5: Summer 2023 (2023.6-9)
2023-08-02,15,Phase 5: Summer 2023 (2023.6-9)
2023-08-03,15,Phase 5: Summer 2023 (2023.6-9)
2023-08-04,4,Phase 5: Summer 2023 (2023.6-9)
2023-08-05,9,Phase 5: Summer 2023 (2023.6-9)
2023-08-06,15,Phase 5: Summer 2023 (2023.6-9)
2023-08-07,16,Phase 5: Summer 2023 (2023.6-9)
2023-08-08,8,Phase 5: Summer 2023 (2023.6-9)
2023-08-09,11,Phase 5: Summer 2023 (2023.6-9)
2023-08-10,9,Phase 5: Summer 2023 (2023.6-9)
2023-08-11,10,Phase 5: Summer 2023 (2023.6-9)
2023-08-12,8,Phase 5: Summer 2023 (2023.6-9)
2023-08-13,10,Phase 5: Summer 2023 (2023.6-9)
2023-08-14,16,Phase 5: Summer 2023 (2023.6-9)
2023-08-15,7,Phase 5: Summer 2023 (2023.6-9)
2023-08-16,15,Phase 5: Summer 2023 (2023.6-9)
2023-08-17,9,Phase 5: Summer 2023 (2023.6-9)
2023-08-18,10,Phase 5: Summer 2023 (2023.6-9)
2023-08-19,17,Phase 5: Summer 2023 (2023.6-9)
2023-08-20,13,Phase 5: Summer 2023 (2023.6-9)
2023-08-21,8,Phase 5: Summer 2023 (2023.6-9)
2023-08-22,16,Phase 5: Summer 2023 (2023.6-9)
2023-08-23,13,Phase 5: Summer 2023 (2023.6-9)
2023-08-24,13,Phase 5: Summer 2023 (2023.6-9)
2023-08-25,14,Phase 5: Summer 2023 (2023.6-9)
2023-08-26,12,Phase 5: Summer 2023 (2023.6-9)
2023-08-27,11,Phase 5: Summer 2023 (2023.6-9)
2023-08-28,21,Phase 5: Summer 2023 (2023.6-9)
2023-08-29,14,Phase 5: Summer 2023 (2023.6-9)
2023-08-30,17,Phase 5: Summer 2023 (2023.6-9)
2023-08-31,49,Phase 5: Summer 2023 (2023.6-9)
2023-09-01,14,Phase 5: Summer 2023 (2023.6-9)
2023-09-02,9,Phase 5: Summer 2023 (2023.6-9)
2023-09-03,7,Phase 5: Summer 2023 (2023.6-9)
2023-09-04,19,Phase 5: Summer 2023 (2023.6-9)
2023-09-05,21,Phase 5: Summer 2023 (2023.6-9)
2023-09-06,28,Phase 5: Summer 2023 (2023.6-9)
2023-09-07,5,Phase 5: Summer 2023 (2023.6-9)
2023-09-08,15,Phase 5: Summer 2023 (2023.6-9)
2023-09-09,8,Phase 5: Summer 2023 (2023.6-9)
2023-09-10,9,Phase 5: Summer 2023 (2023.6-9)
2023-09-11,7,Phase 5: Summer 2023 (2023.6-9)
2023-09-12,5,Phase 5: Summer 2023 (2023.6-9)
2023-09-13,12,Phase 5: Summer 2023 (2023.6-9)
2023-09-14,8,Phase 5: Summer 2023 (2023.6-9)
2023-09-15,6,Phase 5: Summer 2023 (2023.6-9)
2023-09-16,8,Phase 5: Summer 2023 (2023.6-9)
2023-09-17,6,Phase 5: Summer 2023 (2023.6-9)
2023-09-18,13,Phase 5: Summer 2023 (2023.6-9)
2023-09-19,9,Phase 5: Summer 2023 (2023.6-9)
2023-09-20,9,Phase 5: Summer 2023 (2023.6-9)
2023-09-21,8,Phase 5: Summer 2023 (2023.6-9)
2023-09-22,8,Phase 5: Summer 2023 (2023.6-9)
2023-09-23,7,Phase 5: Summer 2023 (2023.6-9)
2023-09-24,18,Phase 5: Summer 2023 (2023.6-9)
2023-09-25,30,Phase 5: Summer 2023 (2023.6-9)
2023-09-26,10,Phase 5: Summer 2023 (2023.6-9)
2023-09-27,7,Phase 5: Summer 2023 (2023.6-9)
2023-09-28,16,Phase 5: Summer 2023 (2023.6-9)
2023-09-29,7,Phase 5: Summer 2023 (2023.6-9)
2023-09-30,23,Phase 5: Summer 2023 (2023.6-9)
2023-10-01,5,Phase 6: Avdiivka Campaign (2023.10-2024.2)
2023-10-02,13,Phase 6: Avdiivka Campaign (2023.10-2024.2)
2023-10-03,12,Phase 6: Avdiivka Campaign (2023.10-2024.2)
2023-10-04,11,Phase 6: Avdiivka Campaign (2023.10-2024.2)
2023-10-05,7,Phase 6: Avdiivka Campaign (2023.10-2024.2)
2023-10-06,13,Phase 6: Avdiivka Campaign (2023.10-2024.2)
2023-10-07,5,Phase 6: Avdiivka Campaign (2023.10-2024.2)
2023-10-08,11,Phase 6: Avdiivka Campaign (2023.10-2024.2)
2023-10-09,8,Phase 6: Avdiivka Campaign (2023.10-2024.2)
2023-10-10,48,Phase 6: Avdiivka Campaign (2023.10-2024.2)
2023-10-11,22,Phase 6: Avdiivka Campaign (2023.10-2024.2)
2023-10-12,30,Phase 6: Avdiivka Campaign (2023.10-2024.2)
2023-10-13,18,Phase 6: Avdiivka Campaign (2023.10-2024.2)
2023-10-14,10,Phase 6: Avdiivka Campaign (2023.10-2024.2)
2023-10-15,15,Phase 6: Avdiivka Campaign (2023.10-2024.2)
2023-10-16,17,Phase 6: Avdiivka Campaign (2023.10-2024.2)
2023-10-17,23,Phase 6: Avdiivka Campaign (2023.10-2024.2)
2023-10-18,11,Phase 6: Avdiivka Campaign (2023.10-2024.2)
2023-10-19,44,Phase 6: Avdiivka Campaign (2023.10-2024.2)
2023-10-20,15,Phase 6: Avdiivka Campaign (2023.10-2024.2)
2023-10-21,9,Phase 6: Avdiivka Campaign (2023.10-2024.2)
2023-10-22,26,Phase 6: Avdiivka Campaign (2023.10-2024.2)
2023-10-23,9,Phase 6: Avdiivka Campaign (2023.10-2024.2)
2023-10-24,17,Phase 6: Avdiivka Campaign (2023.10-2024.2)
2023-10-25,11,Phase 6: Avdiivka Campaign (2023.10-2024.2)
2023-10-26,20,Phase 6: Avdiivka Campaign (2023.10-2024.2)
2023-10-27,10,Phase 6: Avdiivka Campaign (2023.10-2024.2)
2023-10-28,9,Phase 6: Avdiivka Campaign (2023.10-2024.2)
2023-10-29,7,Phase 6: Avdiivka Campaign (2023.10-2024.2)
2023-10-30,19,Phase 6: Avdiivka Campaign (2023.10-2024.2)
2023-10-31,39,Phase 6: Avdiivka Campaign (2023.10-2024.2)
2023-11-01,22,Phase 6: Avdiivka Campaign (2023.10-2024.2)
2023-11-02,28,Phase 6: Avdiivka Campaign (2023.10-2024.2)
2023-11-03,8,Phase 6: Avdiivka Campaign (2023.10-2024.2)
2023-11-04,11,Phase 6: Avdiivka Campaign (2023.10-2024.2)
2023-11-05,8,Phase 6: Avdiivka Campaign (2023.10-2024.2)
2023-11-06,15,Phase 6: Avdiivka Campaign (2023.10-2024.2)
2023-11-07,7,Phase 6: Avdiivka Campaign (2023.10-2024.2)
2023-11-08,8,Phase 6: Avdiivka Campaign (2023.10-2024.2)
2023-11-09,10,Phase 6: Avdiivka Campaign (2023.10-2024.2)
2023-11-10,20,Phase 6: Avdiivka Campaign (2023.10-2024.2)
2023-11-11,21,Phase 6: Avdiivka Campaign (2023.10-2024.2)
2023-11-12,3,Phase 6: Avdiivka Campaign (2023.10-2024.2)
2023-11-13,5,Phase 6: Avdiivka Campaign (2023.10-2024.2)
2023-11-14,13,Phase 6: Avdiivka Campaign (2023.10-2024.2)
2023-11-15,4,Phase 6: Avdiivka Campaign (2023.10-2024.2)
2023-11-16,23,Phase 6: Avdiivka Campaign (2023.10-2024.2)
2023-11-17,13,Phase 6: Avdiivka Campaign (2023.10-2024.2)
2023-11-18,12,Phase 6: Avdiivka Campaign (2023.10-2024.2)
2023-11-19,6,Phase 6: Avdiivka Campaign (2023.10-2024.2)
2023-11-20,5,Phase 6: Avdiivka Campaign (2023.10-2024.2)
2023-11-21,4,Phase 6: Avdiivka Campaign (2023.10-2024.2)
2023-11-22,2,Phase 6: Avdiivka Campaign (2023.10-2024.2)
2023-11-23,13,Phase 6: Avdiivka Campaign (2023.10-2024.2)
2023-11-24,8,Phase 6: Avdiivka Campaign (2023.10-2024.2)
2023-11-25,3,Phase 6: Avdiivka Campaign (2023.10-2024.2)
2023-11-26,5,Phase 6: Avdiivka Campaign (2023.10-2024.2)
2023-11-27,6,Phase 6: Avdiivka Campaign (2023.10-2024.2)
2023-11-28,19,Phase 6: Avdiivka Campaign (2023.10-2024.2)
2023-11-29,14,Phase 6: Avdiivka Campaign (2023.10-2024.2)
2023-11-30,27,Phase 6: Avdiivka Campaign (2023.10-2024.2)
2023-12-01,9,Phase 6: Avdiivka Campaign (2023.10-2024.2)
2023-12-02,7,Phase 6: Avdiivka Campaign (2023.10-2024.2)
2023-12-03,3,Phase 6: Avdiivka Campaign (2023.10-2024.2)
2023-12-04,9,Phase 6: Avdiivka Campaign (2023.10-2024.2)
2023-12-05,16,Phase 6: Avdiivka Campaign (2023.10-2024.2)
2023-12-06,16,Phase 6: Avdiivka Campaign (2023.10-2024.2)
2023-12-07,4,Phase 6: Avdiivka Campaign (2023.10-2024.2)
2023-12-08,7,Phase 6: Avdiivka Campaign (2023.10-2024.2)
2023-12-09,11,Phase 6: Avdiivka Campaign (2023.10-2024.2)
2023-12-10,20,Phase 6: Avdiivka Campaign (2023.10-2024.2)
2023-12-11,15,Phase 6: Avdiivka Campaign (2023.10-2024.2)
2023-12-12,9,Phase 6: Avdiivka Campaign (2023.10-2024.2)
2023-12-13,16,Phase 6: Avdiivka Campaign (2023.10-2024.2)
2023-12-14,4,Phase 6: Avdiivka Campaign (2023.10-2024.2)
2023-12-15,16,Phase 6: Avdiivka Campaign (2023.10-2024.2)
2023-12-16,2,Phase 6: Avdiivka Campaign (2023.10-2024.2)
2023-12-17,8,Phase 6: Avdiivka Campaign (2023.10-2024.2)
2023-12-18,17,Phase 6: Avdiivka Campaign (2023.10-2024.2)
2023-12-19,9,Phase 6: Avdiivka Campaign (2023.10-2024.2)
2023-12-20,13,Phase 6: Avdiivka Campaign (2023.10-2024.2)
2023-12-21,27,Phase 6: Avdiivka Campaign (2023.10-2024.2)
2023-12-22,9,Phase 6: Avdiivka Campaign (2023.10-2024.2)
2023-12-23,10,Phase 6: Avdiivka Campaign (2023.10-2024.2)
2023-12-24,6,Phase 6: Avdiivka Campaign (2023.10-2024.2)
2023-12-25,18,Phase 6: Avdiivka Campaign (2023.10-2024.2)
2023-12-26,7,Phase 6: Avdiivka Campaign (2023.10-2024.2)
2023-12-27,30,Phase 6: Avdiivka Campaign (2023.10-2024.2)
2023-12-28,24,Phase 6: Avdiivka Campaign (2023.10-2024.2)
2023-12-29,7,Phase 6: Avdiivka Campaign (2023.10-2024.2)
2023-12-30,7,Phase 6: Avdiivka Campaign (2023.10-2024.2)
2023-12-31,23,Phase 6: Avdiivka Campaign (2023.10-2024.2)
2024-01-01,10,Phase 6: Avdiivka Campaign (2023.10-2024.2)
2024-01-02,14,Phase 6: Avdiivka Campaign (2023.10-2024.2)
2024-01-03,12,Phase 6: Avdiivka Campaign (2023.10-2024.2)
2024-01-04,13,Phase 6: Avdiivka Campaign (2023.10-2024.2)
2024-01-05,7,Phase 6: Avdiivka Campaign (2023.10-2024.2)
2024-01-06,9,Phase 6: Avdiivka Campaign (2023.10-2024.2)
2024-01-07,17,Phase 6: Avdiivka Campaign (2023.10-2024.2)
2024-01-08,17,Phase 6: Avdiivka Campaign (2023.10-2024.2)
2024-01-09,19,Phase 6: Avdiivka Campaign (2023.10-2024.2)
2024-01-10,7,Phase 6: Avdiivka Campaign (2023.10-2024.2)
2024-01-11,6,Phase 6: Avdiivka Campaign (2023.10-2024.2)
2024-01-12,12,Phase 6: Avdiivka Campaign (2023.10-2024.2)
2024-01-13,8,Phase 6: Avdiivka Campaign (2023.10-2024.2)
2024-01-14,12,Phase 6: Avdiivka Campaign (2023.10-2024.2)
2024-01-15,11,Phase 6: Avdiivka Campaign (2023.10-2024.2)
2024-01-16,15,Phase 6: Avdiivka Campaign (2023.10-2024.2)
2024-01-17,18,Phase 6: Avdiivka Campaign (2023.10-2024.2)
2024-01-18,13,Phase 6: Avdiivka Campaign (2023.10-2024.2)
2024-01-19,7,Phase 6: Avdiivka Campaign (2023.10-2024.2)
2024-01-20,13,Phase 6: Avdiivka Campaign (2023.10-2024.2)
2024-01-21,28,Phase 6: Avdiivka Campaign (2023.10-2024.2)
2024-01-22,15,Phase 6: Avdiivka Campaign (2023.10-2024.2)
2024-01-23,6,Phase 6: Avdiivka Campaign (2023.10-2024.2)
2024-01-24,10,Phase 6: Avdiivka Campaign (2023.10-2024.2)
2024-01-25,11,Phase 6: Avdiivka Campaign (2023.10-2024.2)
2024-01-26,12,Phase 6: Avdiivka Campaign (2023.10-2024.2)
2024-01-27,20,Phase 6: Avdiivka Campaign (2023.10-2024.2)
2024-01-28,13,Phase 6: Avdiivka Campaign (2023.10-2024.2)
2024-01-29,28,Phase 6: Avdiivka Campaign (2023.10-2024.2)
2024-01-30,18,Phase 6: Avdiivka Campaign (2023.10-2024.2)
2024-01-31,10,Phase 6: Avdiivka Campaign (2023.10-2024.2)
2024-02-01,11,Phase 6: Avdiivka Campaign (2023.10-2024.2)
2024-02-02,11,Phase 6: Avdiivka Campaign (2023.10-2024.2)
2024-02-03,7,Phase 6: Avdiivka Campaign (2023.10-2024.2)
2024-02-04,12,Phase 6: Avdiivka Campaign (2023.10-2024.2)
2024-02-05,13,Phase 6: Avdiivka Campaign (2023.10-2024.2)
2024-02-06,10,Phase 6: Avdiivka Campaign (2023.10-2024.2)
2024-02-07,13,Phase 6: Avdiivka Campaign (2023.10-2024.2)
2024-02-08,7,Phase 6: Avdiivka Campaign (2023.10-2024.2)
2024-02-09,10,Phase 6: Avdiivka Campaign (2023.10-2024.2)
2024-02-10,3,Phase 6: Avdiivka Campaign (2023.10-2024.2)
2024-02-11,16,Phase 6: Avdiivka Campaign (2023.10-2024.2)
2024-02-12,11,Phase 6: Avdiivka Campaign (2023.10-2024.2)
2024-02-13,4,Phase 6: Avdiivka Campaign (2023.10-2024.2)
2024-02-14,23,Phase 6: Avdiivka Campaign (2023.10-2024.2)
2024-02-15,15,Phase 6: Avdiivka Campaign (2023.10-2024.2)
2024-02-16,9,Phase 6: Avdiivka Campaign (2023.10-2024.2)
2024-02-17,30,Phase 6: Avdiivka Campaign (2023.10-2024.2)
2024-02-18,17,Phase 6: Avdiivka Campaign (2023.10-2024.2)
2024-02-19,19,Phase 6: Avdiivka Campaign (2023.10-2024.2)
2024-02-20,15,Phase 6: Avdiivka Campaign (2023.10-2024.2)
2024-02-21,18,Phase 6: Avdiivka Campaign (2023.10-2024.2)
2024-02-22,26,Phase 6: Avdiivka Campaign (2023.10-2024.2)
2024-02-23,24,Phase 6: Avdiivka Campaign (2023.10-2024.2)
2024-02-24,15,Phase 6: Avdiivka Campaign (2023.10-2024.2)
2024-02-25,16,Phase 6: Avdiivka Campaign (2023.10-2024.2)
2024-02-26,16,Phase 6: Avdiivka Campaign (2023.10-2024.2)
2024-02-27,37,Phase 6: Avdiivka Campaign (2023.10-2024.2)
2024-02-28,9,Phase 6: Avdiivka Campaign (2023.10-2024.2)
2024-02-29,69,Phase 6: Avdiivka Campaign (2023.10-2024.2)
2024-03-01,15,Phase 7: Spring 2024 (2024.3-7)
2024-03-02,10,Phase 7: Spring 2024 (2024.3-7)
2024-03-03,15,Phase 7: Spring 2024 (2024.3-7)
2024-03-04,8,Phase 7: Spring 2024 (2024.3-7)
2024-03-05,32,Phase 7: Spring 2024 (2024.3-7)
2024-03-06,14,Phase 7: Spring 2024 (2024.3-7)
2024-03-07,18,Phase 7: Spring 2024 (2024.3-7)
2024-03-08,18,Phase 7: Spring 2024 (2024.3-7)
2024-03-09,16,Phase 7: Spring 2024 (2024.3-7)
2024-03-10,13,Phase 7: Spring 2024 (2024.3-7)
2024-03-11,31,Phase 7: Spring 2024 (2024.3-7)
2024-03-12,25,Phase 7: Spring 2024 (2024.3-7)
2024-03-13,15,Phase 7: Spring 2024 (2024.3-7)
2024-03-14,12,Phase 7: Spring 2024 (2024.3-7)
2024-03-15,15,Phase 7: Spring 2024 (2024.3-7)
2024-03-16,14,Phase 7: Spring 2024 (2024.3-7)
2024-03-17,11,Phase 7: Spring 2024 (2024.3-7)
2024-03-18,16,Phase 7: Spring 2024 (2024.3-7)
2024-03-19,15,Phase 7: Spring 2024 (2024.3-7)
2024-03-20,18,Phase 7: Spring 2024 (2024.3-7)
2024-03-21,25,Phase 7: Spring 2024 (2024.3-7)
2024-03-22,15,Phase 7: Spring 2024 (2024.3-7)
2024-03-23,12,Phase 7: Spring 2024 (2024.3-7)
2024-03-24,12,Phase 7: Spring 2024 (2024.3-7)
2024-03-25,11,Phase 7: Spring 2024 (2024.3-7)
2024-03-26,23,Phase 7: Spring 2024 (2024.3-7)
2024-03-27,14,Phase 7: Spring 2024 (2024.3-7)
2024-03-28,22,Phase 7: Spring 2024 (2024.3-7)
2024-03-29,23,Phase 7: Spring 2024 (2024.3-7)
2024-03-30,34,Phase 7: Spring 2024 (2024.3-7)
2024-03-31,28,Phase 7: Spring 2024 (2024.3-7)
2024-04-01,21,Phase 7: Spring 2024 (2024.3-7)
2024-04-02,33,Phase 7: Spring 2024 (2024.3-7)
2024-04-03,15,Phase 7: Spring 2024 (2024.3-7)
2024-04-04,27,Phase 7: Spring 2024 (2024.3-7)
2024-04-05,34,Phase 7: Spring 2024 (2024.3-7)
2024-04-06,46,Phase 7: Spring 2024 (2024.3-7)
2024-04-07,11,Phase 7: Spring 2024 (2024.3-7)
2024-04-08,19,Phase 7: Spring 2024 (2024.3-7)
2024-04-09,23,Phase 7: Spring 2024 (2024.3-7)
2024-04-10,17,Phase 7: Spring 2024 (2024.3-7)
2024-04-11,22,Phase 7: Spring 2024 (2024.3-7)
2024-04-12,28,Phase 7: Spring 2024 (2024.3-7)
2024-04-13,22,Phase 7: Spring 2024 (2024.3-7)
2024-04-14,11,Phase 7: Spring 2024 (2024.3-7)
2024-04-15,15,Phase 7: Spring 2024 (2024.3-7)
2024-04-16,16,Phase 7: Spring 2024 (2024.3-7)
2024-04-17,18,Phase 7: Spring 2024 (2024.3-7)
2024-04-18,13,Phase 7: Spring 2024 (2024.3-7)
2024-04-19,8,Phase 7: Spring 2024 (2024.3-7)
2024-04-20,13,Phase 7: Spring 2024 (2024.3-7)
2024-04-21,0,Phase 7: Spring 2024 (2024.3-7)
2024-04-22,14,Phase 7: Spring 2024 (2024.3-7)
2024-04-23,4,Phase 7: Spring 2024 (2024.3-7)
2024-04-24,7,Phase 7: Spring 2024 (2024.3-7)
2024-04-25,10,Phase 7: Spring 2024 (2024.3-7)
2024-04-26,9,Phase 7: Spring 2024 (2024.3-7)
2024-04-27,22,Phase 7: Spring 2024 (2024.3-7)
2024-04-28,9,Phase 7: Spring 2024 (2024.3-7)
2024-04-29,14,Phase 7: Spring 2024 (2024.3-7)
2024-04-30,12,Phase 7: Spring 2024 (2024.3-7)
2024-05-01,18,Phase 7: Spring 2024 (2024.3-7)
2024-05-02,32,Phase 7: Spring 2024 (2024.3-7)
2024-05-03,16,Phase 7: Spring 2024 (2024.3-7)
2024-05-04,4,Phase 7: Spring 2024 (2024.3-7)
2024-05-05,8,Phase 7: Spring 2024 (2024.3-7)
2024-05-06,19,Phase 7: Spring 2024 (2024.3-7)
2024-05-07,16,Phase 7: Spring 2024 (2024.3-7)
2024-05-08,16,Phase 7: Spring 2024 (2024.3-7)
2024-05-09,16,Phase 7: Spring 2024 (2024.3-7)
2024-05-10,28,Phase 7: Spring 2024 (2024.3-7)
2024-05-11,20,Phase 7: Spring 2024 (2024.3-7)
2024-05-12,12,Phase 7: Spring 2024 (2024.3-7)
2024-05-13,11,Phase 7: Spring 2024 (2024.3-7)
2024-05-14,21,Phase 7: Spring 2024 (2024.3-7)
2024-05-15,22,Phase 7: Spring 2024 (2024.3-7)
2024-05-16,20,Phase 7: Spring 2024 (2024.3-7)
2024-05-17,10,Phase 7: Spring 2024 (2024.3-7)
2024-05-18,20,Phase 7: Spring 2024 (2024.3-7)
2024-05-19,22,Phase 7: Spring 2024 (2024.3-7)
2024-05-20,14,Phase 7: Spring 2024 (2024.3-7)
2024-05-21,16,Phase 7: Spring 2024 (2024.3-7)
2024-05-22,20,Phase 7: Spring 2024 (2024.3-7)
2024-05-23,30,Phase 7: Spring 2024 (2024.3-7)
2024-05-24,22,Phase 7: Spring 2024 (2024.3-7)
2024-05-25,11,Phase 7: Spring 2024 (2024.3-7)
2024-05-26,23,Phase 7: Spring 2024 (2024.3-7)
2024-05-27,13,Phase 7: Spring 2024 (2024.3-7)
2024-05-28,25,Phase 7: Spring 2024 (2024.3-7)
2024-05-29,20,Phase 7: Spring 2024 (2024.3-7)
2024-05-30,19,Phase 7: Spring 2024 (2024.3-7)
2024-05-31,31,Phase 7: Spring 2024 (2024.3-7)
2024-06-01,20,Phase 7: Spring 2024 (2024.3-7)
2024-06-02,26,Phase 7: Spring 2024 (2024.3-7)
2024-06-03,15,Phase 7: Spring 2024 (2024.3-7)
2024-06-04,21,Phase 7: Spring 2024 (2024.3-7)
2024-06-05,29,Phase 7: Spring 2024 (2024.3-7)
2024-06-06,16,Phase 7: Spring 2024 (2024.3-7)
2024-06-07,35,Phase 7: Spring 2024 (2024.3-7)
2024-06-08,20,Phase 7: Spring 2024 (2024.3-7)
2024-06-09,29,Phase 7: Spring 2024 (2024.3-7)
2024-06-10,25,Phase 7: Spring 2024 (2024.3-7)
2024-06-11,19,Phase 7: Spring 2024 (2024.3-7)
2024-06-12,16,Phase 7: Spring 2024 (2024.3-7)
2024-06-13,27,Phase 7: Spring 2024 (2024.3-7)
2024-06-14,23,Phase 7: Spring 2024 (2024.3-7)
2024-06-15,16,Phase 7: Spring 2024 (2024.3-7)
2024-06-16,17,Phase 7: Spring 2024 (2024.3-7)
2024-06-17,15,Phase 7: Spring 2024 (2024.3-7)
2024-06-18,21,Phase 7: Spring 2024 (2024.3-7)
2024-06-19,21,Phase 7: Spring 2024 (2024.3-7)
2024-06-20,11,Phase 7: Spring 2024 (2024.3-7)
2024-06-21,32,Phase 7: Spring 2024 (2024.3-7)
2024-06-22,15,Phase 7: Spring 2024 (2024.3-7)
2024-06-23,8,Phase 7: Spring 2024 (2024.3-7)
2024-06-24,12,Phase 7: Spring 2024 (2024.3-7)
2024-06-25,10,Phase 7: Spring 2024 (2024.3-7)
2024-06-26,10,Phase 7: Spring 2024 (2024.3-7)
2024-06-27,17,Phase 7: Spring 2024 (2024.3-7)
2024-06-28,7,Phase 7: Spring 2024 (2024.3-7)
2024-06-29,15,Phase 7: Spring 2024 (2024.3-7)
2024-06-30,35,Phase 7: Spring 2024 (2024.3-7)
2024-07-01,15,Phase 7: Spring 2024 (2024.3-7)
2024-07-02,6,Phase 7: Spring 2024 (2024.3-7)
2024-07-03,21,Phase 7: Spring 2024 (2024.3-7)
2024-07-04,25,Phase 7: Spring 2024 (2024.3-7)
2024-07-05,14,Phase 7: Spring 2024 (2024.3-7)
2024-07-06,11,Phase 7: Spring 2024 (2024.3-7)
2024-07-07,9,Phase 7: Spring 2024 (2024.3-7)
2024-07-08,20,Phase 7: Spring 2024 (2024.3-7)
2024-07-09,12,Phase 7: Spring 2024 (2024.3-7)
2024-07-10,19,Phase 7: Spring 2024 (2024.3-7)
2024-07-11,6,Phase 7: Spring 2024 (2024.3-7)
2024-07-12,8,Phase 7: Spring 2024 (2024.3-7)
2024-07-13,26,Phase 7: Spring 2024 (2024.3-7)
2024-07-14,12,Phase 7: Spring 2024 (2024.3-7)
2024-07-15,11,Phase 7: Spring 2024 (2024.3-7)
2024-07-16,18,Phase 7: Spring 2024 (2024.3-7)
2024-07-17,14,Phase 7: Spring 2024 (2024.3-7)
2024-07-18,11,Phase 7: Spring 2024 (2024.3-7)
2024-07-19,21,Phase 7: Spring 2024 (2024.3-7)
2024-07-20,16,Phase 7: Spring 2024 (2024.3-7)
2024-07-21,12,Phase 7: Spring 2024 (2024.3-7)
2024-07-22,18,Phase 7: Spring 2024 (2024.3-7)
2024-07-23,30,Phase 7: Spring 2024 (2024.3-7)
2024-07-24,11,Phase 7: Spring 2024 (2024.3-7)
2024-07-25,18,Phase 7: Spring 2024 (2024.3-7)
2024-07-26,13,Phase 7: Spring 2024 (2024.3-7)
2024-07-27,16,Phase 7: Spring 2024 (2024.3-7)
2024-07-28,21,Phase 7: Spring 2024 (2024.3-7)
2024-07-29,14,Phase 7: Spring 2024 (2024.3-7)
2024-07-30,17,Phase 7: Spring 2024 (2024.3-7)
2024-07-31,14,Phase 7: Spring 2024 (2024.3-7)
2024-08-01,11,Phase 8: Kursk & Eastern Front (2024.8-12)
2024-08-02,16,Phase 8: Kursk & Eastern Front (2024.8-12)
2024-08-03,17,Phase 8: Kursk & Eastern Front (2024.8-12)
2024-08-04,7,Phase 8: Kursk & Eastern Front (2024.8-12)
2024-08-05,16,Phase 8: Kursk & Eastern Front (2024.8-12)
2024-08-06,15,Phase 8: Kursk & Eastern Front (2024.8-12)
2024-08-07,15,Phase 8: Kursk & Eastern Front (2024.8-12)
2024-08-08,26,Phase 8: Kursk & Eastern Front (2024.8-12)
2024-08-09,14,Phase 8: Kursk & Eastern Front (2024.8-12)
2024-08-10,22,Phase 8: Kursk & Eastern Front (2024.8-12)
2024-08-11,7,Phase 8: Kursk & Eastern Front (2024.8-12)
2024-08-12,16,Phase 8: Kursk & Eastern Front (2024.8-12)
2024-08-13,36,Phase 8: Kursk & Eastern Front (2024.8-12)
2024-08-14,18,Phase 8: Kursk & Eastern Front (2024.8-12)
2024-08-15,17,Phase 8: Kursk & Eastern Front (2024.8-12)
2024-08-16,19,Phase 8: Kursk & Eastern Front (2024.8-12)
2024-08-17,19,Phase 8: Kursk & Eastern Front (2024.8-12)
2024-08-18,15,Phase 8: Kursk & Eastern Front (2024.8-12)
2024-08-19,19,Phase 8: Kursk & Eastern Front (2024.8-12)
2024-08-20,17,Phase 8: Kursk & Eastern Front (2024.8-12)
2024-08-21,18,Phase 8: Kursk & Eastern Front (2024.8-12)
2024-08-22,15,Phase 8: Kursk & Eastern Front (2024.8-12)
2024-08-23,12,Phase 8: Kursk & Eastern Front (2024.8-12)
2024-08-24,15,Phase 8: Kursk & Eastern Front (2024.8-12)
2024-08-25,15,Phase 8: Kursk & Eastern Front (2024.8-12)
2024-08-26,12,Phase 8: Kursk & Eastern Front (2024.8-12)
2024-08-27,5,Phase 8: Kursk & Eastern Front (2024.8-12)
2024-08-28,29,Phase 8: Kursk & Eastern Front (2024.8-12)
2024-08-29,9,Phase 8: Kursk & Eastern Front (2024.8-12)
2024-08-30,9,Phase 8: Kursk & Eastern Front (2024.8-12)
2024-08-31,83,Phase 8: Kursk & Eastern Front (2024.8-12)
2024-09-01,12,Phase 8: Kursk & Eastern Front (2024.8-12)
2024-09-02,10,Phase 8: Kursk & Eastern Front (2024.8-12)
2024-09-03,23,Phase 8: Kursk & Eastern Front (2024.8-12)
2024-09-04,19,Phase 8: Kursk & Eastern Front (2024.8-12)
2024-09-05,16,Phase 8: Kursk & Eastern Front (2024.8-12)
2024-09-06,15,Phase 8: Kursk & Eastern Front (2024.8-12)
2024-09-07,14,Phase 8: Kursk & Eastern Front (2024.8-12)
2024-09-08,15,Phase 8: Kursk & Eastern Front (2024.8-12)
2024-09-09,9,Phase 8: Kursk & Eastern Front (2024.8-12)
2024-09-10,9,Phase 8: Kursk & Eastern Front (2024.8-12)
2024-09-11,24,Phase 8: Kursk & Eastern Front (2024.8-12)
2024-09-12,11,Phase 8: Kursk & Eastern Front (2024.8-12)
2024-09-13,16,Phase 8: Kursk & Eastern Front (2024.8-12)
2024-09-14,17,Phase 8: Kursk & Eastern Front (2024.8-12)
2024-09-15,11,Phase 8: Kursk & Eastern Front (2024.8-12)
2024-09-16,14,Phase 8: Kursk & Eastern Front (2024.8-12)
2024-09-17,8,Phase 8: Kursk & Eastern Front (2024.8-12)
2024-09-18,12,Phase 8: Kursk & Eastern Front (2024.8-12)
2024-09-19,11,Phase 8: Kursk & Eastern Front (2024.8-12)
2024-09-20,24,Phase 8: Kursk & Eastern Front (2024.8-12)
2024-09-21,33,Phase 8: Kursk & Eastern Front (2024.8-12)
2024-09-22,14,Phase 8: Kursk & Eastern Front (2024.8-12)
2024-09-23,31,Phase 8: Kursk & Eastern Front (2024.8-12)
2024-09-24,14,Phase 8: Kursk & Eastern Front (2024.8-12)
2024-09-25,27,Phase 8: Kursk & Eastern Front (2024.8-12)
2024-09-26,22,Phase 8: Kursk & Eastern Front (2024.8-12)
2024-09-27,34,Phase 8: Kursk & Eastern Front (2024.8-12)
2024-09-28,14,Phase 8: Kursk & Eastern Front (2024.8-12)
2024-09-29,18,Phase 8: Kursk & Eastern Front (2024.8-12)
2024-09-30,36,Phase 8: Kursk & Eastern Front (2024.8-12)
2024-10-01,17,Phase 8: Kursk & Eastern Front (2024.8-12)
2024-10-02,12,Phase 8: Kursk & Eastern Front (2024.8-12)
2024-10-03,21,Phase 8: Kursk & Eastern Front (2024.8-12)
2024-10-04,19,Phase 8: Kursk & Eastern Front (2024.8-12)
2024-10-05,22,Phase 8: Kursk & Eastern Front (2024.8-12)
2024-10-06,21,Phase 8: Kursk & Eastern Front (2024.8-12)
2024-10-07,13,Phase 8: Kursk & Eastern Front (2024.8-12)
2024-10-08,15,Phase 8: Kursk & Eastern Front (2024.8-12)
2024-10-09,15,Phase 8: Kursk & Eastern Front (2024.8-12)
2024-10-10,14,Phase 8: Kursk & Eastern Front (2024.8-12)
2024-10-11,9,Phase 8: Kursk & Eastern Front (2024.8-12)
2024-10-12,9,Phase 8: Kursk & Eastern Front (2024.8-12)
2024-10-13,18,Phase 8: Kursk & Eastern Front (2024.8-12)
2024-10-14,13,Phase 8: Kursk & Eastern Front (2024.8-12)
2024-10-15,23,Phase 8: Kursk & Eastern Front (2024.8-12)
2024-10-16,25,Phase 8: Kursk & Eastern Front (2024.8-12)
2024-10-17,23,Phase 8: Kursk & Eastern Front (2024.8-12)
2024-10-18,30,Phase 8: Kursk & Eastern Front (2024.8-12)
2024-10-19,19,Phase 8: Kursk & Eastern Front (2024.8-12)
2024-10-20,21,Phase 8: Kursk & Eastern Front (2024.8-12)
2024-10-21,14,Phase 8: Kursk & Eastern Front (2024.8-12)
2024-10-22,18,Phase 8: Kursk & Eastern Front (2024.8-12)
2024-10-23,13,Phase 8: Kursk & Eastern Front (2024.8-12)
2024-10-24,15,Phase 8: Kursk & Eastern Front (2024.8-12)
2024-10-25,20,Phase 8: Kursk & Eastern Front (2024.8-12)
2024-10-26,16,Phase 8: Kursk & Eastern Front (2024.8-12)
2024-10-27,25,Phase 8: Kursk & Eastern Front (2024.8-12)
2024-10-28,27,Phase 8: Kursk & Eastern Front (2024.8-12)
2024-10-29,21,Phase 8: Kursk & Eastern Front (2024.8-12)
2024-10-30,15,Phase 8: Kursk & Eastern Front (2024.8-12)
2024-10-31,59,Phase 8: Kursk & Eastern Front (2024.8-12)
2024-11-01,20,Phase 8: Kursk & Eastern Front (2024.8-12)
2024-11-02,18,Phase 8: Kursk & Eastern Front (2024.8-12)
2024-11-03,6,Phase 8: Kursk & Eastern Front (2024.8-12)
2024-11-04,14,Phase 8: Kursk & Eastern Front (2024.8-12)
2024-11-05,11,Phase 8: Kursk & Eastern Front (2024.8-12)
2024-11-06,14,Phase 8: Kursk & Eastern Front (2024.8-12)
2024-11-07,25,Phase 8: Kursk & Eastern Front (2024.8-12)
2024-11-08,25,Phase 8: Kursk & Eastern Front (2024.8-12)
2024-11-09,23,Phase 8: Kursk & Eastern Front (2024.8-12)
2024-11-10,15,Phase 8: Kursk & Eastern Front (2024.8-12)
2024-11-11,32,Phase 8: Kursk & Eastern Front (2024.8-12)
2024-11-12,30,Phase 8: Kursk & Eastern Front (2024.8-12)
2024-11-13,36,Phase 8: Kursk & Eastern Front (2024.8-12)
2024-11-14,12,Phase 8: Kursk & Eastern Front (2024.8-12)
2024-11-15,9,Phase 8: Kursk & Eastern Front (2024.8-12)
2024-11-16,13,Phase 8: Kursk & Eastern Front (2024.8-12)
2024-11-17,14,Phase 8: Kursk & Eastern Front (2024.8-12)
2024-11-18,19,Phase 8: Kursk & Eastern Front (2024.8-12)
2024-11-19,12,Phase 8: Kursk & Eastern Front (2024.8-12)
2024-11-20,10,Phase 8: Kursk & Eastern Front (2024.8-12)
2024-11-21,12,Phase 8: Kursk & Eastern Front (2024.8-12)
2024-11-22,20,Phase 8: Kursk & Eastern Front (2024.8-12)
2024-11-23,18,Phase 8: Kursk & Eastern Front (2024.8-12)
2024-11-24,15,Phase 8: Kursk & Eastern Front (2024.8-12)
2024-11-25,20,Phase 8: Kursk & Eastern Front (2024.8-12)
2024-11-26,23,Phase 8: Kursk & Eastern Front (2024.8-12)
2024-11-27,9,Phase 8: Kursk & Eastern Front (2024.8-12)
2024-11-28,19,Phase 8: Kursk & Eastern Front (2024.8-12)
2024-11-29,10,Phase 8: Kursk & Eastern Front (2024.8-12)
2024-11-30,67,Phase 8: Kursk & Eastern Front (2024.8-12)
2024-12-01,12,Phase 8: Kursk & Eastern Front (2024.8-12)
2024-12-02,8,Phase 8: Kursk & Eastern Front (2024.8-12)
2024-12-03,24,Phase 8: Kursk & Eastern Front (2024.8-12)
2024-12-04,21,Phase 8: Kursk & Eastern Front (2024.8-12)
2024-12-05,11,Phase 8: Kursk & Eastern Front (2024.8-12)
2024-12-06,10,Phase 8: Kursk & Eastern Front (2024.8-12)
2024-12-07,17,Phase 8: Kursk & Eastern Front (2024.8-12)
2024-12-08,16,Phase 8: Kursk & Eastern Front (2024.8-12)
2024-12-09,3,Phase 8: Kursk & Eastern Front (2024.8-12)
2024-12-10,15,Phase 8: Kursk & Eastern Front (2024.8-12)
2024-12-11,15,Phase 8: Kursk & Eastern Front (2024.8-12)
2024-12-12,13,Phase 8: Kursk & Eastern Front (2024.8-12)
2024-12-13,3,Phase 8: Kursk & Eastern Front (2024.8-12)
2024-12-14,11,Phase 8: Kursk & Eastern Front (2024.8-12)
2024-12-15,14,Phase 8: Kursk & Eastern Front (2024.8-12)
2024-12-16,7,Phase 8: Kursk & Eastern Front (2024.8-12)
2024-12-17,10,Phase 8: Kursk & Eastern Front (2024.8-12)
2024-12-18,9,Phase 8: Kursk & Eastern Front (2024.8-12)
2024-12-19,5,Phase 8: Kursk & Eastern Front (2024.8-12)
2024-12-20,10,Phase 8: Kursk & Eastern Front (2024.8-12)
2024-12-21,13,Phase 8: Kursk & Eastern Front (2024.8-12)
2024-12-22,11,Phase 8: Kursk & Eastern Front (2024.8-12)
2024-12-23,14,Phase 8: Kursk & Eastern Front (2024.8-12)
2024-12-24,15,Phase 8: Kursk & Eastern Front (2024.8-12)
2024-12-25,3,Phase 8: Kursk & Eastern Front (2024.8-12)
2024-12-26,12,Phase 8: Kursk & Eastern Front (2024.8-12)
2024-12-27,8,Phase 8: Kursk & Eastern Front (2024.8-12)
2024-12-28,10,Phase 8: Kursk & Eastern Front (2024.8-12)
2024-12-29,7,Phase 8: Kursk & Eastern Front (2024.8-12)
2024-12-30,13,Phase 8: Kursk & Eastern Front (2024.8-12)
2024-12-31,31,Phase 8: Kursk & Eastern Front (2024.8-12)
2025-01-01,7,Phase 9: Recent (2025.1-2026.6)
2025-01-02,10,Phase 9: Recent (2025.1-2026.6)
2025-01-03,14,Phase 9: Recent (2025.1-2026.6)
2025-01-04,8,Phase 9: Recent (2025.1-2026.6)
2025-01-05,17,Phase 9: Recent (2025.1-2026.6)
2025-01-06,10,Phase 9: Recent (2025.1-2026.6)
2025-01-07,12,Phase 9: Recent (2025.1-2026.6)
2025-01-08,15,Phase 9: Recent (2025.1-2026.6)
2025-01-09,15,Phase 9: Recent (2025.1-2026.6)
2025-01-10,10,Phase 9: Recent (2025.1-2026.6)
2025-01-11,6,Phase 9: Recent (2025.1-2026.6)
2025-01-12,8,Phase 9: Recent (2025.1-2026.6)
2025-01-13,8,Phase 9: Recent (2025.1-2026.6)
2025-01-14,14,Phase 9: Recent (2025.1-2026.6)
2025-01-15,13,Phase 9: Recent (2025.1-2026.6)
2025-01-16,11,Phase 9: Recent (2025.1-2026.6)
2025-01-17,8,Phase 9: Recent (2025.1-2026.6)
2025-01-18,10,Phase 9: Recent (2025.1-2026.6)
2025-01-19,19,Phase 9: Recent (2025.1-2026.6)
2025-01-20,22,Phase 9: Recent (2025.1-2026.6)
2025-01-21,6,Phase 9: Recent (2025.1-2026.6)
2025-01-22,8,Phase 9: Recent (2025.1-2026.6)
2025-01-23,13,Phase 9: Recent (2025.1-2026.6)
2025-01-24,6,Phase 9: Recent (2025.1-2026.6)
2025-01-25,22,Phase 9: Recent (2025.1-2026.6)
2025-01-26,10,Phase 9: Recent (2025.1-2026.6)
2025-01-27,7,Phase 9: Recent (2025.1-2026.6)
2025-01-28,9,Phase 9: Recent (2025.1-2026.6)
2025-01-29,11,Phase 9: Recent (2025.1-2026.6)
2025-01-30,14,Phase 9: Recent (2025.1-2026.6)
2025-01-31,11,Phase 9: Recent (2025.1-2026.6)
2025-02-01,14,Phase 9: Recent (2025.1-2026.6)
2025-02-02,12,Phase 9: Recent (2025.1-2026.6)
2025-02-03,9,Phase 9: Recent (2025.1-2026.6)
2025-02-04,14,Phase 9: Recent (2025.1-2026.6)
2025-02-05,11,Phase 9: Recent (2025.1-2026.6)
2025-02-06,13,Phase 9: Recent (2025.1-2026.6)
2025-02-07,9,Phase 9: Recent (2025.1-2026.6)
2025-02-08,11,Phase 9: Recent (2025.1-2026.6)
2025-02-09,14,Phase 9: Recent (2025.1-2026.6)
2025-02-10,15,Phase 9: Recent (2025.1-2026.6)
2025-02-11,11,Phase 9: Recent (2025.1-2026.6)
2025-02-12,10,Phase 9: Recent (2025.1-2026.6)
2025-02-13,8,Phase 9: Recent (2025.1-2026.6)
2025-02-14,12,Phase 9: Recent (2025.1-2026.6)
2025-02-15,15,Phase 9: Recent (2025.1-2026.6)
2025-02-16,39,Phase 9: Recent (2025.1-2026.6)
2025-02-17,16,Phase 9: Recent (2025.1-2026.6)
2025-02-18,12,Phase 9: Recent (2025.1-2026.6)
2025-02-19,17,Phase 9: Recent (2025.1-2026.6)
2025-02-20,12,Phase 9: Recent (2025.1-2026.6)
2025-02-21,15,Phase 9: Recent (2025.1-2026.6)
2025-02-22,12,Phase 9: Recent (2025.1-2026.6)
2025-02-23,13,Phase 9: Recent (2025.1-2026.6)
2025-02-24,9,Phase 9: Recent (2025.1-2026.6)
2025-02-25,13,Phase 9: Recent (2025.1-2026.6)
2025-02-26,13,Phase 9: Recent (2025.1-2026.6)
2025-02-27,15,Phase 9: Recent (2025.1-2026.6)
2025-02-28,44,Phase 9: Recent (2025.1-2026.6)
2025-03-01,8,Phase 9: Recent (2025.1-2026.6)
2025-03-02,4,Phase 9: Recent (2025.1-2026.6)
2025-03-03,12,Phase 9: Recent (2025.1-2026.6)
2025-03-04,10,Phase 9: Recent (2025.1-2026.6)
2025-03-05,9,Phase 9: Recent (2025.1-2026.6)
2025-03-06,20,Phase 9: Recent (2025.1-2026.6)
2025-03-07,5,Phase 9: Recent (2025.1-2026.6)
2025-03-08,7,Phase 9: Recent (2025.1-2026.6)
2025-03-09,11,Phase 9: Recent (2025.1-2026.6)
2025-03-10,14,Phase 9: Recent (2025.1-2026.6)
2025-03-11,14,Phase 9: Recent (2025.1-2026.6)
2025-03-12,6,Phase 9: Recent (2025.1-2026.6)
2025-03-13,12,Phase 9: Recent (2025.1-2026.6)
2025-03-14,9,Phase 9: Recent (2025.1-2026.6)
2025-03-15,10,Phase 9: Recent (2025.1-2026.6)
2025-03-16,7,Phase 9: Recent (2025.1-2026.6)
2025-03-17,11,Phase 9: Recent (2025.1-2026.6)
2025-03-18,22,Phase 9: Recent (2025.1-2026.6)
2025-03-19,18,Phase 9: Recent (2025.1-2026.6)
2025-03-20,18,Phase 9: Recent (2025.1-2026.6)
2025-03-21,19,Phase 9: Recent (2025.1-2026.6)
2025-03-22,10,Phase 9: Recent (2025.1-2026.6)
2025-03-23,9,Phase 9: Recent (2025.1-2026.6)
2025-03-24,8,Phase 9: Recent (2025.1-2026.6)
2025-03-25,11,Phase 9: Recent (2025.1-2026.6)
2025-03-26,16,Phase 9: Recent (2025.1-2026.6)
2025-03-27,30,Phase 9: Recent (2025.1-2026.6)
2025-03-28,12,Phase 9: Recent (2025.1-2026.6)
2025-03-29,25,Phase 9: Recent (2025.1-2026.6)
2025-03-30,13,Phase 9: Recent (2025.1-2026.6)
2025-03-31,39,Phase 9: Recent (2025.1-2026.6)
2025-04-01,13,Phase 9: Recent (2025.1-2026.6)
2025-04-02,17,Phase 9: Recent (2025.1-2026.6)
2025-04-03,21,Phase 9: Recent (2025.1-2026.6)
2025-04-04,17,Phase 9: Recent (2025.1-2026.6)
2025-04-05,4,Phase 9: Recent (2025.1-2026.6)
2025-04-06,20,Phase 9: Recent (2025.1-2026.6)
2025-04-07,30,Phase 9: Recent (2025.1-2026.6)
2025-04-08,11,Phase 9: Recent (2025.1-2026.6)
2025-04-09,14,Phase 9: Recent (2025.1-2026.6)
2025-04-10,18,Phase 9: Recent (2025.1-2026.6)
2025-04-11,10,Phase 9: Recent (2025.1-2026.6)
2025-04-12,31,Phase 9: Recent (2025.1-2026.6)
2025-04-13,22,Phase 9: Recent (2025.1-2026.6)
2025-04-14,22,Phase 9: Recent (2025.1-2026.6)
2025-04-15,10,Phase 9: Recent (2025.1-2026.6)
2025-04-16,18,Phase 9: Recent (2025.1-2026.6)
2025-04-17,10,Phase 9: Recent (2025.1-2026.6)
2025-04-18,11,Phase 9: Recent (2025.1-2026.6)
2025-04-19,15,Phase 9: Recent (2025.1-2026.6)
2025-04-20,7,Phase 9: Recent (2025.1-2026.6)
2025-04-21,18,Phase 9: Recent (2025.1-2026.6)
2025-04-22,11,Phase 9: Recent (2025.1-2026.6)
2025-04-23,6,Phase 9: Recent (2025.1-2026.6)
2025-04-24,12,Phase 9: Recent (2025.1-2026.6)
2025-04-25,8,Phase 9: Recent (2025.1-2026.6)
2025-04-26,6,Phase 9: Recent (2025.1-2026.6)
2025-04-27,6,Phase 9: Recent (2025.1-2026.6)
2025-04-28,8,Phase 9: Recent (2025.1-2026.6)
2025-04-29,18,Phase 9: Recent (2025.1-2026.6)
2025-04-30,14,Phase 9: Recent (2025.1-2026.6)
2025-05-01,14,Phase 9: Recent (2025.1-2026.6)
2025-05-02,11,Phase 9: Recent (2025.1-2026.6)
2025-05-03,10,Phase 9: Recent (2025.1-2026.6)
2025-05-04,16,Phase 9: Recent (2025.1-2026.6)
2025-05-05,15,Phase 9: Recent (2025.1-2026.6)
2025-05-06,4,Phase 9: Recent (2025.1-2026.6)
2025-05-07,5,Phase 9: Recent (2025.1-2026.6)
2025-05-08,5,Phase 9: Recent (2025.1-2026.6)
2025-05-09,19,Phase 9: Recent (2025.1-2026.6)
2025-05-10,14,Phase 9: Recent (2025.1-2026.6)
2025-05-11,8,Phase 9: Recent (2025.1-2026.6)
2025-05-12,7,Phase 9: Recent (2025.1-2026.6)
2025-05-13,11,Phase 9: Recent (2025.1-2026.6)
2025-05-14,7,Phase 9: Recent (2025.1-2026.6)
2025-05-15,18,Phase 9: Recent (2025.1-2026.6)
2025-05-16,7,Phase 9: Recent (2025.1-2026.6)
2025-05-17,10,Phase 9: Recent (2025.1-2026.6)
2025-05-18,3,Phase 9: Recent (2025.1-2026.6)
2025-05-19,12,Phase 9: Recent (2025.1-2026.6)
2025-05-20,8,Phase 9: Recent (2025.1-2026.6)
2025-05-21,7,Phase 9: Recent (2025.1-2026.6)
2025-05-22,9,Phase 9: Recent (2025.1-2026.6)
2025-05-23,13,Phase 9: Recent (2025.1-2026.6)
2025-05-24,12,Phase 9: Recent (2025.1-2026.6)
2025-05-25,9,Phase 9: Recent (2025.1-2026.6)
2025-05-26,7,Phase 9: Recent (2025.1-2026.6)
2025-05-27,8,Phase 9: Recent (2025.1-2026.6)
2025-05-28,4,Phase 9: Recent (2025.1-2026.6)
2025-05-29,3,Phase 9: Recent (2025.1-2026.6)
2025-05-30,5,Phase 9: Recent (2025.1-2026.6)
2025-05-31,9,Phase 9: Recent (2025.1-2026.6)
2025-06-01,19,Phase 9: Recent (2025.1-2026.6)
2025-06-02,6,Phase 9: Recent (2025.1-2026.6)
2025-06-03,5,Phase 9: Recent (2025.1-2026.6)
2025-06-04,7,Phase 9: Recent (2025.1-2026.6)
2025-06-05,9,Phase 9: Recent (2025.1-2026.6)
2025-06-06,8,Phase 9: Recent (2025.1-2026.6)
2025-06-07,11,Phase 9: Recent (2025.1-2026.6)
2025-06-08,5,Phase 9: Recent (2025.1-2026.6)
2025-06-09,6,Phase 9: Recent (2025.1-2026.6)
2025-06-10,5,Phase 9: Recent (2025.1-2026.6)
2025-06-11,6,Phase 9: Recent (2025.1-2026.6)
2025-06-12,6,Phase 9: Recent (2025.1-2026.6)
2025-06-13,6,Phase 9: Recent (2025.1-2026.6)
2025-06-14,11,Phase 9: Recent (2025.1-2026.6)
2025-06-15,8,Phase 9: Recent (2025.1-2026.6)
2025-06-16,8,Phase 9: Recent (2025.1-2026.6)
2025-06-17,18,Phase 9: Recent (2025.1-2026.6)
2025-06-18,11,Phase 9: Recent (2025.1-2026.6)
2025-06-19,4,Phase 9: Recent (2025.1-2026.6)
2025-06-20,9,Phase 9: Recent (2025.1-2026.6)
2025-06-21,9,Phase 9: Recent (2025.1-2026.6)
2025-06-22,5,Phase 9: Recent (2025.1-2026.6)
2025-06-23,2,Phase 9: Recent (2025.1-2026.6)
2025-06-24,9,Phase 9: Recent (2025.1-2026.6)
2025-06-25,4,Phase 9: Recent (2025.1-2026.6)
2025-06-26,6,Phase 9: Recent (2025.1-2026.6)
2025-06-27,4,Phase 9: Recent (2025.1-2026.6)
2025-06-28,5,Phase 9: Recent (2025.1-2026.6)
2025-06-29,7,Phase 9: Recent (2025.1-2026.6)
2025-06-30,11,Phase 9: Recent (2025.1-2026.6)
2025-07-01,3,Phase 9: Recent (2025.1-2026.6)
2025-07-02,9,Phase 9: Recent (2025.1-2026.6)
2025-07-03,8,Phase 9: Recent (2025.1-2026.6)
2025-07-04,3,Phase 9: Recent (2025.1-2026.6)
2025-07-05,3,Phase 9: Recent (2025.1-2026.6)
2025-07-06,2,Phase 9: Recent (2025.1-2026.6)
2025-07-07,8,Phase 9: Recent (2025.1-2026.6)
2025-07-08,4,Phase 9: Recent (2025.1-2026.6)
2025-07-09,4,Phase 9: Recent (2025.1-2026.6)
2025-07-10,10,Phase 9: Recent (2025.1-2026.6)
2025-07-11,11,Phase 9: Recent (2025.1-2026.6)
2025-07-12,8,Phase 9: Recent (2025.1-2026.6)
2025-07-13,8,Phase 9: Recent (2025.1-2026.6)
2025-07-14,8,Phase 9: Recent (2025.1-2026.6)
2025-07-15,9,Phase 9: Recent (2025.1-2026.6)
2025-07-16,10,Phase 9: Recent (2025.1-2026.6)
2025-07-17,4,Phase 9: Recent (2025.1-2026.6)
2025-07-18,4,Phase 9: Recent (2025.1-2026.6)
2025-07-19,4,Phase 9: Recent (2025.1-2026.6)
2025-07-20,7,Phase 9: Recent (2025.1-2026.6)
2025-07-21,4,Phase 9: Recent (2025.1-2026.6)
2025-07-22,4,Phase 9: Recent (2025.1-2026.6)
2025-07-23,8,Phase 9: Recent (2025.1-2026.6)
2025-07-24,5,Phase 9: Recent (2025.1-2026.6)
2025-07-25,13,Phase 9: Recent (2025.1-2026.6)
2025-07-26,6,Phase 9: Recent (2025.1-2026.6)
2025-07-27,8,Phase 9: Recent (2025.1-2026.6)
2025-07-28,5,Phase 9: Recent (2025.1-2026.6)
2025-07-29,4,Phase 9: Recent (2025.1-2026.6)
2025-07-30,3,Phase 9: Recent (2025.1-2026.6)
2025-07-31,3,Phase 9: Recent (2025.1-2026.6)
2025-08-01,9,Phase 9: Recent (2025.1-2026.6)
2025-08-02,1,Phase 9: Recent (2025.1-2026.6)
2025-08-03,6,Phase 9: Recent (2025.1-2026.6)
2025-08-04,3,Phase 9: Recent (2025.1-2026.6)
2025-08-05,6,Phase 9: Recent (2025.1-2026.6)
2025-08-06,6,Phase 9: Recent (2025.1-2026.6)
2025-08-07,11,Phase 9: Recent (2025.1-2026.6)
2025-08-08,6,Phase 9: Recent (2025.1-2026.6)
2025-08-09,13,Phase 9: Recent (2025.1-2026.6)
2025-08-10,4,Phase 9: Recent (2025.1-2026.6)
2025-08-11,8,Phase 9: Recent (2025.1-2026.6)
2025-08-12,7,Phase 9: Recent (2025.1-2026.6)
2025-08-13,5,Phase 9: Recent (2025.1-2026.6)
2025-08-14,11,Phase 9: Recent (2025.1-2026.6)
2025-08-15,6,Phase 9: Recent (2025.1-2026.6)
2025-08-16,21,Phase 9: Recent (2025.1-2026.6)
2025-08-17,10,Phase 9: Recent (2025.1-2026.6)
2025-08-18,4,Phase 9: Recent (2025.1-2026.6)
2025-08-19,8,Phase 9: Recent (2025.1-2026.6)
2025-08-20,7,Phase 9: Recent (2025.1-2026.6)
2025-08-21,9,Phase 9: Recent (2025.1-2026.6)
2025-08-22,7,Phase 9: Recent (2025.1-2026.6)
2025-08-23,3,Phase 9: Recent (2025.1-2026.6)
2025-08-24,10,Phase 9: Recent (2025.1-2026.6)
2025-08-25,4,Phase 9: Recent (2025.1-2026.6)
2025-08-26,14,Phase 9: Recent (2025.1-2026.6)
2025-08-27,16,Phase 9: Recent (2025.1-2026.6)
2025-08-28,13,Phase 9: Recent (2025.1-2026.6)
2025-08-29,10,Phase 9: Recent (2025.1-2026.6)
2025-08-30,8,Phase 9: Recent (2025.1-2026.6)
2025-08-31,21,Phase 9: Recent (2025.1-2026.6)
2025-09-01,4,Phase 9: Recent (2025.1-2026.6)
2025-09-02,4,Phase 9: Recent (2025.1-2026.6)
2025-09-03,17,Phase 9: Recent (2025.1-2026.6)
2025-09-04,6,Phase 9: Recent (2025.1-2026.6)
2025-09-05,7,Phase 9: Recent (2025.1-2026.6)
2025-09-06,3,Phase 9: Recent (2025.1-2026.6)
2025-09-07,11,Phase 9: Recent (2025.1-2026.6)
2025-09-08,10,Phase 9: Recent (2025.1-2026.6)
2025-09-09,7,Phase 9: Recent (2025.1-2026.6)
2025-09-10,11,Phase 9: Recent (2025.1-2026.6)
2025-09-11,2,Phase 9: Recent (2025.1-2026.6)
2025-09-12,5,Phase 9: Recent (2025.1-2026.6)
2025-09-13,9,Phase 9: Recent (2025.1-2026.6)
2025-09-14,2,Phase 9: Recent (2025.1-2026.6)
2025-09-15,5,Phase 9: Recent (2025.1-2026.6)
2025-09-16,11,Phase 9: Recent (2025.1-2026.6)
2025-09-17,11,Phase 9: Recent (2025.1-2026.6)
2025-09-18,4,Phase 9: Recent (2025.1-2026.6)
2025-09-19,5,Phase 9: Recent (2025.1-2026.6)
2025-09-20,5,Phase 9: Recent (2025.1-2026.6)
2025-09-21,8,Phase 9: Recent (2025.1-2026.6)
2025-09-22,5,Phase 9: Recent (2025.1-2026.6)
2025-09-23,3,Phase 9: Recent (2025.1-2026.6)
2025-09-24,21,Phase 9: Recent (2025.1-2026.6)
2025-09-25,5,Phase 9: Recent (2025.1-2026.6)
2025-09-26,4,Phase 9: Recent (2025.1-2026.6)
2025-09-27,1,Phase 9: Recent (2025.1-2026.6)
2025-09-28,3,Phase 9: Recent (2025.1-2026.6)
2025-09-29,3,Phase 9: Recent (2025.1-2026.6)
2025-09-30,5,Phase 9: Recent (2025.1-2026.6)
2025-10-01,4,Phase 9: Recent (2025.1-2026.6)
2025-10-02,7,Phase 9: Recent (2025.1-2026.6)
2025-10-03,3,Phase 9: Recent (2025.1-2026.6)
2025-10-04,1,Phase 9: Recent (2025.1-2026.6)
2025-10-05,10,Phase 9: Recent (2025.1-2026.6)
2025-10-06,9,Phase 9: Recent (2025.1-2026.6)
2025-10-07,6,Phase 9: Recent (2025.1-2026.6)
2025-10-08,3,Phase 9: Recent (2025.1-2026.6)
2025-10-09,11,Phase 9: Recent (2025.1-2026.6)
2025-10-10,9,Phase 9: Recent (2025.1-2026.6)
2025-10-11,1,Phase 9: Recent (2025.1-2026.6)
2025-10-12,7,Phase 9: Recent (2025.1-2026.6)
2025-10-13,17,Phase 9: Recent (2025.1-2026.6)
2025-10-14,3,Phase 9: Recent (2025.1-2026.6)
2025-10-15,6,Phase 9: Recent (2025.1-2026.6)
2025-10-16,16,Phase 9: Recent (2025.1-2026.6)
2025-10-17,9,Phase 9: Recent (2025.1-2026.6)
2025-10-18,4,Phase 9: Recent (2025.1-2026.6)
2025-10-19,4,Phase 9: Recent (2025.1-2026.6)
2025-10-20,22,Phase 9: Recent (2025.1-2026.6)
2025-10-21,9,Phase 9: Recent (2025.1-2026.6)
2025-10-22,5,Phase 9: Recent (2025.1-2026.6)
2025-10-23,5,Phase 9: Recent (2025.1-2026.6)
2025-10-24,2,Phase 9: Recent (2025.1-2026.6)
2025-10-25,19,Phase 9: Recent (2025.1-2026.6)
2025-10-26,1,Phase 9: Recent (2025.1-2026.6)
2025-10-27,27,Phase 9: Recent (2025.1-2026.6)
2025-10-28,3,Phase 9: Recent (2025.1-2026.6)
2025-10-29,1,Phase 9: Recent (2025.1-2026.6)
2025-10-30,2,Phase 9: Recent (2025.1-2026.6)
2025-10-31,3,Phase 9: Recent (2025.1-2026.6)
2025-11-01,2,Phase 9: Recent (2025.1-2026.6)
2025-11-02,5,Phase 9: Recent (2025.1-2026.6)
2025-11-03,8,Phase 9: Recent (2025.1-2026.6)
2025-11-04,11,Phase 9: Recent (2025.1-2026.6)
2025-11-05,6,Phase 9: Recent (2025.1-2026.6)
2025-11-06,3,Phase 9: Recent (2025.1-2026.6)
2025-11-07,2,Phase 9: Recent (2025.1-2026.6)
2025-11-08,2,Phase 9: Recent (2025.1-2026.6)
2025-11-09,12,Phase 9: Recent (2025.1-2026.6)
2025-11-10,3,Phase 9: Recent (2025.1-2026.6)
2025-11-11,4,Phase 9: Recent (2025.1-2026.6)
2025-11-12,7,Phase 9: Recent (2025.1-2026.6)
2025-11-13,7,Phase 9: Recent (2025.1-2026.6)
2025-11-14,15,Phase 9: Recent (2025.1-2026.6)
2025-11-15,4,Phase 9: Recent (2025.1-2026.6)
2025-11-16,5,Phase 9: Recent (2025.1-2026.6)
2025-11-17,6,Phase 9: Recent (2025.1-2026.6)
2025-11-18,1,Phase 9: Recent (2025.1-2026.6)
2025-11-19,1,Phase 9: Recent (2025.1-2026.6)
2025-11-20,1,Phase 9: Recent (2025.1-2026.6)
2025-11-21,12,Phase 9: Recent (2025.1-2026.6)
2025-11-22,6,Phase 9: Recent (2025.1-2026.6)
2025-11-23,5,Phase 9: Recent (2025.1-2026.6)
2025-11-24,3,Phase 9: Recent (2025.1-2026.6)
2025-11-25,5,Phase 9: Recent (2025.1-2026.6)
2025-11-26,5,Phase 9: Recent (2025.1-2026.6)
2025-11-27,8,Phase 9: Recent (2025.1-2026.6)
2025-11-28,3,Phase 9: Recent (2025.1-2026.6)
2025-11-29,8,Phase 9: Recent (2025.1-2026.6)
2025-11-30,8,Phase 9: Recent (2025.1-2026.6)
2025-12-01,0,Phase 9: Recent (2025.1-2026.6)
2025-12-02,13,Phase 9: Recent (2025.1-2026.6)
2025-12-03,8,Phase 9: Recent (2025.1-2026.6)
2025-12-04,2,Phase 9: Recent (2025.1-2026.6)
2025-12-05,4,Phase 9: Recent (2025.1-2026.6)
2025-12-06,11,Phase 9: Recent (2025.1-2026.6)
2025-12-07,2,Phase 9: Recent (2025.1-2026.6)
2025-12-08,4,Phase 9: Recent (2025.1-2026.6)
2025-12-09,5,Phase 9: Recent (2025.1-2026.6)
2025-12-10,6,Phase 9: Recent (2025.1-2026.6)
2025-12-11,1,Phase 9: Recent (2025.1-2026.6)
2025-12-12,3,Phase 9: Recent (2025.1-2026.6)
2025-12-13,1,Phase 9: Recent (2025.1-2026.6)
2025-12-14,5,Phase 9: Recent (2025.1-2026.6)
2025-12-15,6,Phase 9: Recent (2025.1-2026.6)
2025-12-16,17,Phase 9: Recent (2025.1-2026.6)
2025-12-17,7,Phase 9: Recent (2025.1-2026.6)
2025-12-18,5,Phase 9: Recent (2025.1-2026.6)
2025-12-19,11,Phase 9: Recent (2025.1-2026.6)
2025-12-20,11,Phase 9: Recent (2025.1-2026.6)
2025-12-21,7,Phase 9: Recent (2025.1-2026.6)
2025-12-22,25,Phase 9: Recent (2025.1-2026.6)
2025-12-23,3,Phase 9: Recent (2025.1-2026.6)
2025-12-24,8,Phase 9: Recent (2025.1-2026.6)
2025-12-25,11,Phase 9: Recent (2025.1-2026.6)
2025-12-26,16,Phase 9: Recent (2025.1-2026.6)
2025-12-27,3,Phase 9: Recent (2025.1-2026.6)
2025-12-28,3,Phase 9: Recent (2025.1-2026.6)
2025-12-29,14,Phase 9: Recent (2025.1-2026.6)
2025-12-30,4,Phase 9: Recent (2025.1-2026.6)
2025-12-31,23,Phase 9: Recent (2025.1-2026.6)
2026-01-01,3,Phase 9: Recent (2025.1-2026.6)
2026-01-02,0,Phase 9: Recent (2025.1-2026.6)
2026-01-03,1,Phase 9: Recent (2025.1-2026.6)
2026-01-04,3,Phase 9: Recent (2025.1-2026.6)
2026-01-05,5,Phase 9: Recent (2025.1-2026.6)
2026-01-06,1,Phase 9: Recent (2025.1-2026.6)
2026-01-07,7,Phase 9: Recent (2025.1-2026.6)
2026-01-08,2,Phase 9: Recent (2025.1-2026.6)
2026-01-09,3,Phase 9: Recent (2025.1-2026.6)
2026-01-10,3,Phase 9: Recent (2025.1-2026.6)
2026-01-11,3,Phase 9: Recent (2025.1-2026.6)
2026-01-12,4,Phase 9: Recent (2025.1-2026.6)
2026-01-13,8,Phase 9: Recent (2025.1-2026.6)
2026-01-14,3,Phase 9: Recent (2025.1-2026.6)
2026-01-15,5,Phase 9: Recent (2025.1-2026.6)
2026-01-16,2,Phase 9: Recent (2025.1-2026.6)
2026-01-17,2,Phase 9: Recent (2025.1-2026.6)
2026-01-18,2,Phase 9: Recent (2025.1-2026.6)
2026-01-19,4,Phase 9: Recent (2025.1-2026.6)
2026-01-20,7,Phase 9: Recent (2025.1-2026.6)
2026-01-21,1,Phase 9: Recent (2025.1-2026.6)
2026-01-22,2,Phase 9: Recent (2025.1-2026.6)
2026-01-23,5,Phase 9: Recent (2025.1-2026.6)
2026-01-24,3,Phase 9: Recent (2025.1-2026.6)
2026-01-25,3,Phase 9: Recent (2025.1-2026.6)
2026-01-26,0,Phase 9: Recent (2025.1-2026.6)
2026-01-27,2,Phase 9: Recent (2025.1-2026.6)
2026-01-28,4,Phase 9: Recent (2025.1-2026.6)
2026-01-29,1,Phase 9: Recent (2025.1-2026.6)
2026-01-30,2,Phase 9: Recent (2025.1-2026.6)
2026-01-31,6,Phase 9: Recent (2025.1-2026.6)
2026-02-01,3,Phase 9: Recent (2025.1-2026.6)
2026-02-02,6,Phase 9: Recent (2025.1-2026.6)
2026-02-03,1,Phase 9: Recent (2025.1-2026.6)
2026-02-04,3,Phase 9: Recent (2025.1-2026.6)
2026-02-05,3,Phase 9: Recent (2025.1-2026.6)
2026-02-06,2,Phase 9: Recent (2025.1-2026.6)
2026-02-07,1,Phase 9: Recent (2025.1-2026.6)
2026-02-08,4,Phase 9: Recent (2025.1-2026.6)
2026-02-09,7,Phase 9: Recent (2025.1-2026.6)
2026-02-10,3,Phase 9: Recent (2025.1-2026.6)
2026-02-11,5,Phase 9: Recent (2025.1-2026.6)
2026-02-12,3,Phase 9: Recent (2025.1-2026.6)
2026-02-13,2,Phase 9: Recent (2025.1-2026.6)
2026-02-14,1,Phase 9: Recent (2025.1-2026.6)
2026-02-15,3,Phase 9: Recent (2025.1-2026.6)
2026-02-16,1,Phase 9: Recent (2025.1-2026.6)
2026-02-17,2,Phase 9: Recent (2025.1-2026.6)
2026-02-18,4,Phase 9: Recent (2025.1-2026.6)
2026-02-19,4,Phase 9: Recent (2025.1-2026.6)
2026-02-20,4,Phase 9: Recent (2025.1-2026.6)
2026-02-21,7,Phase 9: Recent (2025.1-2026.6)
2026-02-22,4,Phase 9: Recent (2025.1-2026.6)
2026-02-23,2,Phase 9: Recent (2025.1-2026.6)
2026-02-24,2,Phase 9: Recent (2025.1-2026.6)
2026-02-25,2,Phase 9: Recent (2025.1-2026.6)
2026-02-26,2,Phase 9: Recent (2025.1-2026.6)
2026-02-27,3,Phase 9: Recent (2025.1-2026.6)
2026-02-28,11,Phase 9: Recent (2025.1-2026.6)
2026-03-01,4,Phase 9: Recent (2025.1-2026.6)
2026-03-02,1,Phase 9: Recent (2025.1-2026.6)
2026-03-03,3,Phase 9: Recent (2025.1-2026.6)
2026-03-04,3,Phase 9: Recent (2025.1-2026.6)
2026-03-05,3,Phase 9: Recent (2025.1-2026.6)
2026-03-06,5,Phase 9: Recent (2025.1-2026.6)
2026-03-07,8,Phase 9: Recent (2025.1-2026.6)
2026-03-08,3,Phase 9: Recent (2025.1-2026.6)
2026-03-09,9,Phase 9: Recent (2025.1-2026.6)
2026-03-10,8,Phase 9: Recent (2025.1-2026.6)
2026-03-11,13,Phase 9: Recent (2025.1-2026.6)
2026-03-12,10,Phase 9: Recent (2025.1-2026.6)
2026-03-13,3,Phase 9: Recent (2025.1-2026.6)
2026-03-14,3,Phase 9: Recent (2025.1-2026.6)
2026-03-15,4,Phase 9: Recent (2025.1-2026.6)
2026-03-16,12,Phase 9: Recent (2025.1-2026.6)
2026-03-17,3,Phase 9: Recent (2025.1-2026.6)
2026-03-18,4,Phase 9: Recent (2025.1-2026.6)
2026-03-19,19,Phase 9: Recent (2025.1-2026.6)
2026-03-20,5,Phase 9: Recent (2025.1-2026.6)
2026-03-21,3,Phase 9: Recent (2025.1-2026.6)
2026-03-22,3,Phase 9: Recent (2025.1-2026.6)
2026-03-23,1,Phase 9: Recent (2025.1-2026.6)
2026-03-24,1,Phase 9: Recent (2025.1-2026.6)
2026-03-25,4,Phase 9: Recent (2025.1-2026.6)
2026-03-26,8,Phase 9: Recent (2025.1-2026.6)
2026-03-27,3,Phase 9: Recent (2025.1-2026.6)
2026-03-28,16,Phase 9: Recent (2025.1-2026.6)
2026-03-29,6,Phase 9: Recent (2025.1-2026.6)
2026-03-30,5,Phase 9: Recent (2025.1-2026.6)
2026-03-31,5,Phase 9: Recent (2025.1-2026.6)
2026-04-01,3,Phase 9: Recent (2025.1-2026.6)
2026-04-02,5,Phase 9: Recent (2025.1-2026.6)
2026-04-03,5,Phase 9: Recent (2025.1-2026.6)
2026-04-04,0,Phase 9: Recent (2025.1-2026.6)
2026-04-05,2,Phase 9: Recent (2025.1-2026.6)
2026-04-06,1,Phase 9: Recent (2025.1-2026.6)
2026-04-07,2,Phase 9: Recent (2025.1-2026.6)
2026-04-08,5,Phase 9: Recent (2025.1-2026.6)
2026-04-09,6,Phase 9: Recent (2025.1-2026.6)
2026-04-10,0,Phase 9: Recent (2025.1-2026.6)
2026-04-11,1,Phase 9: Recent (2025.1-2026.6)
2026-04-12,0,Phase 9: Recent (2025.1-2026.6)
2026-04-13,2,Phase 9: Recent (2025.1-2026.6)
2026-04-14,5,Phase 9: Recent (2025.1-2026.6)
2026-04-15,5,Phase 9: Recent (2025.1-2026.6)
2026-04-16,5,Phase 9: Recent (2025.1-2026.6)
2026-04-17,7,Phase 9: Recent (2025.1-2026.6)
2026-04-18,11,Phase 9: Recent (2025.1-2026.6)
2026-04-19,0,Phase 9: Recent (2025.1-2026.6)
2026-04-20,1,Phase 9: Recent (2025.1-2026.6)
2026-04-21,2,Phase 9: Recent (2025.1-2026.6)
2026-04-22,0,Phase 9: Recent (2025.1-2026.6)
2026-04-23,6,Phase 9: Recent (2025.1-2026.6)
2026-04-24,4,Phase 9: Recent (2025.1-2026.6)
2026-04-25,2,Phase 9: Recent (2025.1-2026.6)
2026-04-26,2,Phase 9: Recent (2025.1-2026.6)
2026-04-27,2,Phase 9: Recent (2025.1-2026.6)
2026-04-28,3,Phase 9: Recent (2025.1-2026.6)
2026-04-29,2,Phase 9: Recent (2025.1-2026.6)
2026-04-30,5,Phase 9: Recent (2025.1-2026.6)
2026-05-01,2,Phase 9: Recent (2025.1-2026.6)
2026-05-02,1,Phase 9: Recent (2025.1-2026.6)
2026-05-03,6,Phase 9: Recent (2025.1-2026.6)
2026-05-04,4,Phase 9: Recent (2025.1-2026.6)
2026-05-05,3,Phase 9: Recent (2025.1-2026.6)
2026-05-06,4,Phase 9: Recent (2025.1-2026.6)
2026-05-07,5,Phase 9: Recent (2025.1-2026.6)
2026-05-08,8,Phase 9: Recent (2025.1-2026.6)
2026-05-09,0,Phase 9: Recent (2025.1-2026.6)
2026-05-10,4,Phase 9: Recent (2025.1-2026.6)
2026-05-11,3,Phase 9: Recent (2025.1-2026.6)
2026-05-12,4,Phase 9: Recent (2025.1-2026.6)
2026-05-13,1,Phase 9: Recent (2025.1-2026.6)
2026-05-14,1,Phase 9: Recent (2025.1-2026.6)
2026-05-15,3,Phase 9: Recent (2025.1-2026.6)
2026-05-16,5,Phase 9: Recent (2025.1-2026.6)
2026-05-17,6,Phase 9: Recent (2025.1-2026.6)
2026-05-18,12,Phase 9: Recent (2025.1-2026.6)
2026-05-19,11,Phase 9: Recent (2025.1-2026.6)
2026-05-20,3,Phase 9: Recent (2025.1-2026.6)
2026-05-21,7,Phase 9: Recent (2025.1-2026.6)
2026-05-22,2,Phase 9: Recent (2025.1-2026.6)
2026-05-23,4,Phase 9: Recent (2025.1-2026.6)
2026-05-24,11,Phase 9: Recent (2025.1-2026.6)
2026-05-25,4,Phase 9: Recent (2025.1-2026.6)
2026-05-26,4,Phase 9: Recent (2025.1-2026.6)
2026-05-27,9,Phase 9: Recent (2025.1-2026.6)
2026-05-28,5,Phase 9: Recent (2025.1-2026.6)
2026-05-29,7,Phase 9: Recent (2025.1-2026.6)
2026-05-30,9,Phase 9: Recent (2025.1-2026.6)
2026-05-31,1,Phase 9: Recent (2025.1-2026.6)
2026-06-01,4,Phase 9: Recent (2025.1-2026.6)
2026-06-02,7,Phase 9: Recent (2025.1-2026.6)
2026-06-03,2,Phase 9: Recent (2025.1-2026.6)
