date,Tanks,Armoured Personnel Carriers,Field Artillery,Multiple Rocket Launchers,Drones,Aircraft,Helicopters,Naval Ships,Anti-Aircraft Systems,Special Equipment
2022-02-25,80,516,49,4,0,10,7,2,0,0
2022-02-26,66,190,0,0,2,17,19,0,0,0
2022-02-27,4,0,1,0,0,0,0,0,0,0
2022-02-28,0,110,24,17,1,2,3,0,5,0
2022-03-01,48,30,3,3,0,0,0,0,2,0
2022-03-02,13,16,8,16,0,1,2,0,2,0
2022-03-03,6,38,5,2,0,0,0,0,2,0
2022-03-04,34,39,15,8,0,3,6,0,7,0
2022-03-05,18,6,0,0,0,6,3,0,1,0
2022-03-06,16,40,4,0,1,5,8,0,2,0
2022-03-07,5,14,8,0,3,2,20,1,2,0
2022-03-08,13,37,3,6,0,2,12,0,4,0
2022-03-09,14,34,0,0,0,1,1,0,1,0
2022-03-10,18,35,3,0,0,0,0,0,1,0
2022-03-11,18,60,2,2,0,8,2,0,2,0
2022-03-12,9,40,10,4,0,1,0,0,2,0
2022-03-13,12,21,5,0,0,16,3,0,1,0
2022-03-14,15,23,10,2,1,3,4,0,0,0
2022-03-15,15,30,0,0,1,4,5,0,2,0
2022-03-16,26,96,40,6,2,3,13,0,7,10
2022-03-17,14,60,11,2,0,2,0,0,0,0
2022-03-18,6,13,4,0,1,7,4,0,0,1
2022-03-19,16,22,8,0,5,2,3,0,1,0
2022-03-20,10,17,17,2,4,1,3,0,0,1
2022-03-21,22,48,10,6,3,1,3,0,1,1
2022-03-22,11,21,12,0,11,2,2,0,0,2
2022-03-23,8,22,15,0,7,2,1,1,2,0
2022-03-24,13,19,13,2,8,7,0,0,0,1
2022-03-25,31,28,11,8,3,7,1,1,2,2
2022-03-26,14,15,2,1,3,2,2,2,2,1
2022-03-27,7,24,1,2,0,4,0,0,1,2
2022-03-28,4,30,8,2,10,2,0,0,2,0
2022-03-29,11,16,1,1,5,4,2,0,0,0
2022-03-30,8,13,2,0,10,4,2,0,0,0
2022-03-31,9,12,6,0,2,4,0,0,0,1
2022-04-01,11,16,5,0,2,8,0,0,0,2
2022-04-02,6,25,1,4,2,0,3,0,0,0
2022-04-03,13,54,8,5,2,0,0,0,0,0
2022-04-04,3,14,5,2,2,4,0,0,0,1
2022-04-05,29,14,2,0,3,3,0,0,1,0
2022-04-06,8,3,0,0,2,0,1,0,0,0
2022-04-07,14,30,0,1,15,0,0,0,0,0
2022-04-08,2,0,1,0,1,0,0,0,0,0
2022-04-09,5,4,2,0,0,1,1,0,0,0
2022-04-10,17,16,7,0,0,1,1,0,0,0
2022-04-11,3,12,5,3,7,2,0,0,0,0
2022-04-12,7,23,2,0,5,3,3,0,8,0
2022-04-13,7,18,9,4,8,1,3,0,1,0
2022-04-14,14,4,8,7,2,2,1,0,0,0
2022-04-15,3,8,0,0,1,3,0,1,2,0
2022-04-16,6,6,5,3,3,0,1,0,0,1
2022-04-17,11,20,5,2,10,2,1,0,0,1
2022-04-18,17,39,5,3,7,2,1,0,1,0
2022-04-19,12,22,5,2,3,2,3,0,0,0
2022-04-20,13,24,5,4,7,2,0,0,0,0
2022-04-21,14,31,2,0,1,1,1,0,0,0
2022-04-22,9,44,4,2,6,4,2,0,2,0
2022-04-23,16,43,6,5,10,1,1,0,0,0
2022-04-24,19,33,5,4,9,2,0,0,0,1
2022-04-25,11,20,3,2,10,2,0,0,0,0
2022-04-26,34,50,5,0,4,3,0,0,0,3
2022-04-27,21,34,5,0,2,1,1,0,2,0
2022-04-28,31,47,10,2,8,2,0,0,1,0
2022-04-29,16,29,4,0,14,2,0,0,1,0
2022-04-30,22,27,1,0,3,1,0,0,4,1
2022-05-01,18,26,15,0,13,2,0,0,3,0
2022-05-02,22,48,8,1,26,2,0,0,0,6
2022-05-03,14,48,16,10,20,0,0,2,0,0
2022-05-04,15,43,16,1,12,0,0,0,1,0
2022-05-05,15,41,8,6,9,2,0,0,2,0
2022-05-06,18,35,3,2,12,3,0,1,0,0
2022-05-07,12,27,7,1,17,0,0,0,1,0
2022-05-08,8,28,0,7,19,0,1,1,2,1
2022-05-09,15,23,4,6,17,0,2,0,1,2
2022-05-10,25,44,6,0,3,0,0,0,0,0
2022-05-11,17,48,9,0,10,0,2,0,0,0
2022-05-12,8,17,6,6,8,0,1,1,0,0
2022-05-13,10,27,8,2,7,1,1,0,1,0
2022-05-14,13,34,9,2,6,0,1,0,0,1
2022-05-15,2,24,4,0,5,0,1,0,1,0
2022-05-16,8,16,22,0,11,0,1,0,0,0
2022-05-17,7,35,1,3,9,1,2,0,1,1
2022-05-18,16,34,8,1,5,1,0,0,1,0
2022-05-19,3,20,9,0,14,1,0,0,2,0
2022-05-20,9,27,1,1,5,1,1,0,0,0
2022-05-21,15,26,0,1,2,0,1,0,0,0
2022-05-22,7,25,3,0,8,0,1,0,0,0
2022-05-23,8,25,5,0,6,0,0,0,0,0
2022-05-24,9,28,2,0,4,1,0,0,0,0
2022-05-25,3,19,0,0,11,1,0,0,0,1
2022-05-26,10,22,11,0,11,0,0,0,0,3
2022-05-27,7,11,6,0,1,0,0,0,0,1
2022-05-28,8,12,5,2,0,1,4,0,0,0
2022-05-29,8,12,3,0,1,0,0,0,0,0
2022-05-30,11,12,12,2,3,0,0,0,0,0
2022-05-31,9,20,6,2,8,1,0,0,0,0
2022-06-01,3,41,10,0,4,0,1,0,1,1
2022-06-02,2,11,2,0,2,2,0,0,1,2
2022-06-03,4,12,14,0,14,0,0,0,0,0
2022-06-04,9,13,5,0,5,0,0,0,0,1
2022-06-05,5,13,6,0,8,0,0,0,0,1
2022-06-06,5,8,4,0,3,1,1,0,1,0
2022-06-07,4,16,4,0,2,1,1,0,0,0
2022-06-08,3,13,9,6,6,0,1,0,0,0
2022-06-09,5,9,8,0,3,0,0,0,0,0
2022-06-10,11,12,1,9,10,0,0,0,1,1
2022-06-11,10,16,0,0,7,0,0,0,0,0
2022-06-12,11,18,3,4,3,0,0,0,0,0
2022-06-13,2,8,3,0,3,1,0,0,0,0
2022-06-14,2,11,3,3,3,0,1,0,0,0
2022-06-15,6,25,1,1,3,0,0,0,0,1
2022-06-16,9,17,7,3,0,0,0,0,0,0
2022-06-17,7,18,5,0,2,2,1,0,0,0
2022-06-18,9,10,5,0,1,1,0,1,1,0
2022-06-19,3,4,6,2,4,0,1,0,0,0
2022-06-20,9,11,4,3,3,0,0,0,0,0
2022-06-21,19,18,3,1,10,0,0,0,0,4
2022-06-22,0,8,0,0,3,0,1,0,1,1
2022-06-23,8,18,4,1,6,0,1,0,0,0
2022-06-24,3,5,3,1,2,0,0,0,0,0
2022-06-25,4,8,5,0,4,1,1,0,0,0
2022-06-26,21,14,0,2,4,0,0,0,0,0
2022-06-27,20,28,7,0,6,0,0,0,2,0
2022-06-28,15,17,7,0,0,0,1,0,1,1
2022-06-29,5,16,3,3,4,0,0,0,1,0
2022-06-30,1,6,9,0,1,0,0,0,1,0
2022-07-01,4,10,6,0,4,0,1,1,1,0
2022-07-02,5,1,4,0,8,0,0,0,0,0
2022-07-03,2,7,1,0,1,0,1,0,0,3
2022-07-04,5,0,3,0,4,0,0,0,0,1
2022-07-05,5,28,2,1,2,0,0,0,0,0
2022-07-06,6,17,0,0,4,0,0,0,2,0
2022-07-07,2,8,9,0,3,0,0,0,0,1
2022-07-08,35,14,13,0,2,0,0,0,0,0
2022-07-09,1,4,4,0,5,0,0,0,1,0
2022-07-10,3,8,2,0,2,0,1,0,0,0
2022-07-11,4,5,4,0,0,0,0,0,1,0
2022-07-12,4,1,0,0,0,0,0,0,0,0
2022-07-13,0,3,1,0,2,0,0,0,0,1
2022-07-14,18,0,1,0,3,2,0,0,0,0
2022-07-15,5,34,2,0,0,1,0,0,0,0
2022-07-16,5,8,4,0,6,0,0,0,0,1
2022-07-17,7,5,0,1,1,0,0,0,1,0
2022-07-18,3,7,3,0,2,0,0,0,3,2
2022-07-19,4,6,2,0,3,0,0,0,0,0
2022-07-20,9,13,5,2,10,1,0,0,0,0
2022-07-21,4,7,3,1,7,0,0,0,0,2
2022-07-22,0,8,4,0,3,0,0,0,0,0
2022-07-23,4,9,1,2,1,0,0,0,0,0
2022-07-24,14,13,5,2,0,0,0,0,0,1
2022-07-25,8,8,7,2,5,1,0,0,3,0
2022-07-26,7,9,4,1,3,0,1,0,1,2
2022-07-27,1,12,3,0,4,0,1,0,0,0
2022-07-28,4,8,11,0,3,0,0,0,0,0
2022-07-29,7,8,6,0,2,0,0,0,0,2
2022-07-30,10,8,6,0,2,0,0,0,0,1
2022-07-31,4,9,10,1,2,1,0,0,0,2
2022-08-01,5,7,16,0,1,0,0,0,0,2
2022-08-02,0,3,4,0,3,0,1,0,0,0
2022-08-03,6,8,3,0,1,0,0,0,1,1
2022-08-04,15,4,7,1,2,0,0,0,0,0
2022-08-05,3,6,4,0,0,0,0,0,5,0
2022-08-06,10,19,5,0,2,0,0,0,4,2
2022-08-07,3,4,3,0,6,0,0,0,5,1
2022-08-08,6,15,2,1,4,0,1,0,0,0
2022-08-09,6,6,4,0,3,0,1,0,1,1
2022-08-10,15,10,7,0,9,9,0,0,0,2
2022-08-11,14,14,3,0,6,0,0,0,1,1
2022-08-12,3,8,1,0,6,1,0,0,2,0
2022-08-13,7,7,3,0,1,0,0,0,0,1
2022-08-14,8,11,2,0,5,0,1,0,0,0
2022-08-15,12,15,5,0,3,0,1,0,0,1
2022-08-16,4,11,4,2,3,0,1,0,0,0
2022-08-17,6,10,4,0,2,0,0,0,0,1
2022-08-18,3,17,17,2,1,1,1,0,0,0
2022-08-19,10,16,6,1,2,0,0,0,5,1
2022-08-20,8,17,2,0,8,0,0,0,0,3
2022-08-21,5,12,10,0,3,0,0,0,0,2
2022-08-22,7,6,4,0,9,0,1,0,4,0
2022-08-23,2,8,1,0,2,0,0,0,1,0
2022-08-24,3,5,3,0,2,0,1,0,1,0
2022-08-25,5,2,1,6,9,0,3,0,1,0
2022-08-26,7,6,3,0,6,0,0,0,0,0
2022-08-27,3,3,5,2,2,0,0,0,0,0
2022-08-28,3,3,5,0,2,0,0,0,0,0
2022-08-29,5,12,10,5,6,0,1,0,1,2
2022-08-30,7,25,19,3,3,0,1,0,2,2
2022-08-31,20,18,12,3,2,0,0,0,1,0
2022-09-01,23,33,24,2,2,0,1,0,1,1
2022-09-02,12,21,11,2,2,0,0,0,0,1
2022-09-03,25,37,8,4,11,1,0,0,0,0
2022-09-04,15,27,13,1,0,1,1,0,3,1
2022-09-05,19,29,10,0,3,0,0,0,0,1
2022-09-06,9,25,22,2,9,0,1,0,0,2
2022-09-07,20,36,15,4,4,1,1,0,0,0
2022-09-08,15,37,32,5,4,2,2,0,3,1
2022-09-09,10,18,11,1,4,0,1,0,0,4
2022-09-10,14,9,22,5,10,0,1,0,3,2
2022-09-11,18,33,4,0,4,3,1,0,0,1
2022-09-12,15,23,0,0,1,1,0,0,0,0
2022-09-13,6,22,16,0,1,1,0,0,3,0
2022-09-14,5,3,11,0,4,2,2,0,2,3
2022-09-15,13,17,5,0,0,4,0,0,0,0
2022-09-16,6,8,7,1,0,0,1,0,1,1
2022-09-17,3,11,4,0,3,1,0,0,0,0
2022-09-18,8,17,3,0,7,0,1,0,0,1
2022-09-19,2,2,4,0,2,0,0,0,0,3
2022-09-20,4,4,10,6,5,1,0,0,0,0
2022-09-21,11,24,17,0,7,1,0,0,0,0
2022-09-22,9,28,1,0,9,0,1,0,1,0
2022-09-23,18,20,14,8,9,1,1,0,1,1
2022-09-24,8,11,6,1,6,1,1,0,0,0
2022-09-25,13,25,7,1,10,4,0,0,1,4
2022-09-26,15,25,1,2,4,1,4,0,1,1
2022-09-27,16,24,9,1,7,1,0,0,3,0
2022-09-28,6,8,3,0,12,1,0,0,0,0
2022-09-29,13,20,4,0,6,0,0,0,0,0
2022-09-30,13,23,6,2,8,2,1,0,1,0
2022-10-01,16,17,6,3,6,0,1,0,0,0
2022-10-02,23,26,8,1,6,0,1,0,0,0
2022-10-03,3,16,0,1,11,1,1,0,0,0
2022-10-04,44,27,2,2,2,1,0,0,1,0
2022-10-05,11,20,7,1,4,0,4,0,0,1
2022-10-06,14,26,10,3,15,0,0,0,0,2
2022-10-07,17,29,31,0,20,0,1,0,0,1
2022-10-08,6,18,4,1,12,0,1,0,3,1
2022-10-09,14,22,18,3,7,0,1,0,0,0
2022-10-10,9,16,9,5,11,1,0,0,1,0
2022-10-11,9,13,10,0,17,1,0,0,0,0
2022-10-12,1,19,11,2,15,0,0,0,1,0
2022-10-13,6,0,49,2,53,0,5,1,1,4
2022-10-14,10,5,10,5,17,0,0,0,3,2
2022-10-15,3,7,16,3,11,0,2,0,0,0
2022-10-16,5,14,7,0,14,0,0,0,0,1
2022-10-17,8,12,10,1,17,0,0,0,1,1
2022-10-18,11,14,23,6,35,0,0,0,1,0
2022-10-19,6,16,15,0,10,1,0,0,1,2
2022-10-20,13,20,9,0,25,0,1,0,0,1
2022-10-21,6,3,2,0,14,0,0,0,0,0
2022-10-22,6,8,5,1,16,1,0,0,0,1
2022-10-23,5,18,14,1,20,0,2,0,0,0
2022-10-24,6,11,6,1,9,0,0,0,0,1
2022-10-25,21,26,1,2,2,1,3,0,1,0
2022-10-26,17,30,12,2,7,0,0,0,2,0
2022-10-27,3,13,4,0,19,0,1,0,0,1
2022-10-28,9,14,8,0,3,1,2,0,0,1
2022-10-29,19,23,10,1,5,1,1,0,3,1
2022-10-30,13,52,16,3,6,1,0,0,2,2
2022-10-31,14,32,4,0,1,1,1,0,0,0
2022-11-01,12,16,2,0,2,1,4,0,0,0
2022-11-02,16,24,3,4,23,1,1,0,1,0
2022-11-03,20,27,22,3,4,0,0,0,0,1
2022-11-04,16,28,17,1,8,0,0,0,3,0
2022-11-05,8,21,4,0,12,0,2,0,1,0
2022-11-06,7,10,5,0,3,0,0,0,0,0
2022-11-07,6,19,1,0,7,0,0,0,0,2
2022-11-08,15,24,9,0,4,1,0,0,1,2
2022-11-09,15,12,11,2,7,0,0,0,2,0
2022-11-10,3,16,3,0,16,0,0,0,0,0
2022-11-11,10,14,12,0,6,0,1,0,0,0
2022-11-12,24,34,12,0,1,0,0,0,0,1
2022-11-13,2,12,8,0,1,0,0,0,1,0
2022-11-14,8,6,2,0,2,0,0,0,0,0
2022-11-15,13,25,11,0,2,0,0,0,2,0
2022-11-16,10,24,10,0,14,0,0,0,1,0
2022-11-17,7,7,0,0,6,0,0,0,0,0
2022-11-18,1,4,5,0,5,0,0,0,0,1
2022-11-19,6,7,2,0,0,0,0,0,0,0
2022-11-20,1,2,1,0,1,0,0,0,0,0
2022-11-21,6,5,2,0,0,0,0,0,0,0
2022-11-22,3,5,12,2,0,0,0,0,0,0
2022-11-23,2,5,5,0,0,0,0,0,0,0
2022-11-24,1,5,2,0,10,0,0,0,0,0
2022-11-25,1,7,6,0,6,0,0,0,0,2
2022-11-26,2,4,1,0,1,0,0,0,0,0
2022-11-27,4,8,1,0,1,0,0,0,0,0
2022-11-28,3,5,2,0,0,0,0,0,0,0
2022-11-29,3,5,2,0,0,2,0,0,0,0
2022-11-30,3,6,1,0,7,0,0,0,1,0
2022-12-01,1,5,2,0,0,0,0,0,0,0
2022-12-02,1,6,1,0,2,0,1,0,0,0
2022-12-03,1,3,1,0,8,0,1,0,0,0
2022-12-04,5,6,2,0,1,1,0,0,0,0
2022-12-05,2,8,6,0,9,0,1,0,1,0
2022-12-06,5,5,1,0,5,0,0,0,0,0
2022-12-07,6,4,8,0,14,0,0,0,0,0
2022-12-08,2,2,2,0,2,0,0,0,0,1
2022-12-09,0,1,1,0,0,0,0,0,0,0
2022-12-10,3,5,1,2,0,0,0,0,0,3
2022-12-11,2,3,1,0,10,0,0,0,0,0
2022-12-12,24,8,1,0,4,0,0,0,0,2
2022-12-13,0,2,2,7,0,0,0,0,0,1
2022-12-14,4,7,0,0,0,0,0,0,0,1
2022-12-15,5,9,12,2,27,0,0,0,0,1
2022-12-16,5,6,3,4,4,0,0,0,0,0
2022-12-17,5,6,1,0,0,0,0,0,0,2
2022-12-18,2,5,1,0,1,0,0,0,0,0
2022-12-19,1,6,5,0,8,0,0,0,1,1
2022-12-20,7,5,7,0,23,0,2,0,0,2
2022-12-21,7,5,12,2,8,1,1,0,0,1
2022-12-22,0,2,6,1,5,1,0,0,0,0
2022-12-23,3,5,6,1,5,0,0,0,0,0
2022-12-24,1,8,4,4,8,0,0,0,0,0
2022-12-25,5,16,3,0,0,0,0,0,0,0
2022-12-26,5,7,5,0,1,0,0,0,0,0
2022-12-27,0,7,2,0,0,0,0,0,0,1
2022-12-28,1,13,1,0,0,0,0,0,0,0
2022-12-29,1,10,5,5,10,0,1,0,0,0
2022-12-30,8,12,6,0,23,0,0,0,0,1
2022-12-31,3,16,6,0,6,0,1,0,1,0
2023-01-01,2,9,5,0,46,0,0,0,0,1
2023-01-02,0,9,6,0,44,0,0,0,0,0
2023-01-03,5,7,6,1,3,0,1,0,1,0
2023-01-04,2,6,6,0,3,0,0,0,1,0
2023-01-05,3,2,12,2,2,1,1,0,0,1
2023-01-06,23,16,8,5,0,1,1,0,0,0
2023-01-07,2,1,3,0,0,0,0,0,2,0
2023-01-08,3,5,3,0,5,0,0,0,0,1
2023-01-09,11,17,4,3,7,0,3,0,0,0
2023-01-10,4,7,4,0,4,0,0,1,0,0
2023-01-11,10,5,5,3,2,0,0,0,0,1
2023-01-12,0,0,4,0,3,0,1,0,1,0
2023-01-13,4,8,4,0,0,1,0,0,0,0
2023-01-14,6,6,4,0,2,0,0,0,1,2
2023-01-15,2,10,4,0,5,0,0,0,0,1
2023-01-16,12,21,5,1,0,0,0,0,1,3
2023-01-17,3,11,5,3,0,0,0,0,0,0
2023-01-18,9,0,4,1,4,1,0,0,0,0
2023-01-19,6,20,14,0,6,0,1,0,0,0
2023-01-20,3,6,7,0,4,0,0,0,0,0
2023-01-21,1,15,6,1,5,0,0,0,0,3
2023-01-22,5,12,9,2,1,0,0,0,0,0
2023-01-23,5,8,2,2,2,0,0,1,0,0
2023-01-24,2,8,2,1,3,2,4,0,0,1
2023-01-25,9,23,6,2,5,1,0,0,0,0
2023-01-26,14,27,15,2,6,2,1,0,0,1
2023-01-27,7,6,11,0,33,0,1,0,1,4
2023-01-28,7,4,8,1,6,1,1,0,0,0
2023-01-29,8,22,7,0,0,0,0,0,0,0
2023-01-30,4,3,1,0,0,0,0,0,0,0
2023-01-31,0,9,1,1,4,0,0,0,0,1
2023-02-01,8,4,10,4,0,0,0,0,0,0
2023-02-02,2,0,5,0,0,0,0,0,1,0
2023-02-03,4,6,3,2,1,1,0,0,0,2
2023-02-04,3,6,5,0,4,0,0,0,3,1
2023-02-05,2,11,6,0,2,0,0,0,2,0
2023-02-06,11,10,5,1,0,0,0,0,0,0
2023-02-07,14,28,1,0,0,0,0,0,0,5
2023-02-08,8,15,4,0,3,1,1,0,1,3
2023-02-09,2,10,8,2,6,0,0,0,4,0
2023-02-10,3,3,7,0,3,0,1,0,1,0
2023-02-11,9,3,19,0,27,0,0,0,1,3
2023-02-12,13,14,17,2,10,1,0,0,0,1
2023-02-13,3,4,3,0,0,0,0,0,0,2
2023-02-14,3,8,9,1,4,2,0,0,0,1
2023-02-15,4,7,4,0,0,0,0,0,2,1
2023-02-16,6,10,3,0,1,0,1,0,3,0
2023-02-17,2,3,16,1,1,0,0,0,2,2
2023-02-18,5,13,4,2,3,0,0,0,2,2
2023-02-19,7,12,1,0,0,0,0,0,0,1
2023-02-20,6,8,7,2,2,1,0,0,0,1
2023-02-21,10,9,4,0,5,0,0,0,0,1
2023-02-22,8,7,7,0,3,0,0,0,0,0
2023-02-23,16,24,7,0,3,0,0,0,1,2
2023-02-24,13,7,11,3,4,0,0,0,3,1
2023-02-25,12,9,10,1,2,0,1,0,0,1
2023-02-26,6,6,7,0,2,0,0,0,0,0
2023-02-27,4,6,0,0,11,1,0,0,0,0
2023-02-28,3,9,3,3,3,0,0,0,0,0
2023-03-01,7,8,10,1,4,0,0,0,0,0
2023-03-02,2,20,5,1,3,0,0,0,0,0
2023-03-03,8,15,4,4,3,1,1,0,0,0
2023-03-04,4,10,12,3,5,1,0,0,0,0
2023-03-05,5,9,12,1,5,0,0,0,1,2
2023-03-06,9,11,7,0,15,0,0,0,2,2
2023-03-07,9,11,23,0,9,1,0,0,3,2
2023-03-08,4,9,7,0,3,0,0,0,0,0
2023-03-09,5,13,2,0,0,0,0,0,1,1
2023-03-10,7,6,10,3,9,1,0,0,2,3
2023-03-11,10,20,8,2,1,0,0,0,1,2
2023-03-12,8,7,4,0,0,0,0,0,2,0
2023-03-13,8,5,16,0,1,0,0,0,0,9
2023-03-14,10,15,16,2,11,0,0,0,1,5
2023-03-15,8,10,9,7,12,0,0,0,2,1
2023-03-16,12,11,11,1,13,1,0,0,3,0
2023-03-17,2,13,13,1,0,0,1,0,0,1
2023-03-18,5,7,8,2,14,0,0,0,0,1
2023-03-19,21,23,8,1,0,0,0,0,3,3
2023-03-20,5,16,9,0,1,0,0,0,2,3
2023-03-21,15,10,9,0,7,0,0,0,0,1
2023-03-22,5,8,3,2,16,0,0,0,2,4
2023-03-23,13,11,19,2,20,0,0,0,1,3
2023-03-24,4,23,8,0,5,0,0,0,3,4
2023-03-25,6,11,7,9,6,0,1,0,0,2
2023-03-26,15,15,8,2,2,0,0,0,1,3
2023-03-27,0,6,7,1,0,0,0,0,0,3
2023-03-28,7,13,15,2,19,0,0,0,0,2
2023-03-29,7,0,6,1,4,1,0,0,0,1
2023-03-30,1,8,12,0,0,0,0,0,1,3
2023-03-31,5,3,4,0,9,0,0,0,0,3
2023-04-01,1,4,8,1,0,0,0,0,1,2
2023-04-02,2,5,4,0,1,0,0,0,0,0
2023-04-03,1,7,7,0,13,0,0,0,1,2
2023-04-04,8,6,3,1,15,0,0,0,0,0
2023-04-05,2,6,10,4,6,0,0,0,0,1
2023-04-06,2,8,7,0,4,0,1,0,1,3
2023-04-07,2,3,8,1,4,0,0,0,0,2
2023-04-08,3,4,5,0,7,1,0,0,1,0
2023-04-09,0,4,13,0,14,0,0,0,0,5
2023-04-10,1,4,10,1,11,0,0,0,0,2
2023-04-11,7,10,15,1,9,0,1,0,0,5
2023-04-12,2,5,5,0,2,0,0,0,0,3
2023-04-13,0,10,7,0,5,0,0,0,1,1
2023-04-14,4,16,7,0,0,0,0,0,0,1
2023-04-15,3,4,1,0,0,0,0,0,0,3
2023-04-16,4,10,10,3,0,1,0,0,1,2
2023-04-17,3,4,9,0,8,0,0,0,1,2
2023-04-18,1,11,6,0,6,0,0,0,0,2
2023-04-19,4,12,9,0,23,0,0,0,0,0
2023-04-20,2,10,6,1,10,0,0,0,0,2
2023-04-21,1,6,2,0,8,0,0,0,0,2
2023-04-22,4,4,5,0,4,0,0,0,4,3
2023-04-23,3,1,5,0,4,0,1,0,0,2
2023-04-24,8,8,12,0,11,0,0,0,0,0
2023-04-25,5,12,14,0,24,0,0,0,2,6
2023-04-26,4,11,14,0,3,0,0,0,1,7
2023-04-27,2,16,10,3,21,0,0,0,1,0
2023-04-28,0,3,18,1,6,0,0,0,1,1
2023-04-29,3,3,3,0,4,0,0,0,0,2
2023-04-30,2,5,6,1,4,0,0,0,1,2
2023-05-01,1,3,7,0,1,0,0,0,0,2
2023-05-02,1,1,9,0,1,0,0,0,3,1
2023-05-03,1,6,16,0,28,0,0,0,2,3
2023-05-04,5,17,16,3,18,0,0,0,4,7
2023-05-05,3,8,16,3,17,0,0,0,0,3
2023-05-06,7,14,14,2,14,0,0,0,2,2
2023-05-07,6,10,18,2,18,0,0,0,0,5
2023-05-08,7,5,8,0,42,0,0,0,0,4
2023-05-09,4,4,13,0,4,0,0,0,1,4
2023-05-10,2,18,8,1,6,0,0,0,1,1
2023-05-11,4,12,14,2,3,0,0,0,2,2
2023-05-12,5,8,15,2,9,0,0,0,2,2
2023-05-13,6,12,27,2,29,0,0,0,2,9
2023-05-14,5,18,21,1,31,0,0,0,0,2
2023-05-15,3,11,21,0,24,0,0,0,2,3
2023-05-16,3,12,13,0,12,0,0,0,0,3
2023-05-17,9,17,16,0,16,0,0,0,2,7
2023-05-18,2,8,32,1,11,0,0,0,0,1
2023-05-19,4,4,12,1,10,0,0,0,1,1
2023-05-20,4,5,19,0,32,0,0,0,6,4
2023-05-21,2,16,29,0,21,0,0,0,2,2
2023-05-22,2,9,20,1,8,1,0,0,0,2
2023-05-23,4,12,40,0,34,0,1,0,0,6
2023-05-24,3,5,21,5,7,0,1,0,0,7
2023-05-25,3,8,20,0,36,0,0,0,0,4
2023-05-26,1,3,25,0,3,1,0,0,1,2
2023-05-27,3,7,22,2,31,0,0,0,1,3
2023-05-28,0,14,19,2,52,3,2,0,0,2
2023-05-29,4,11,10,1,61,0,0,0,2,2
2023-05-30,1,2,10,0,38,0,0,0,1,1
2023-05-31,0,3,15,0,32,0,0,0,1,0
2023-06-01,2,6,14,0,7,0,0,0,0,4
2023-06-02,15,12,27,0,6,0,0,0,2,7
2023-06-03,10,12,32,7,28,0,0,0,7,10
2023-06-04,8,10,22,1,10,0,0,0,2,4
2023-06-05,11,11,12,1,14,0,0,0,5,5
2023-06-06,12,20,36,6,23,0,1,0,2,5
2023-06-07,13,17,37,4,7,1,0,0,1,3
2023-06-08,18,16,28,1,15,0,0,0,3,8
2023-06-09,10,24,34,4,13,0,0,0,4,2
2023-06-10,8,7,15,1,16,0,0,0,3,5
2023-06-11,17,24,19,1,37,0,0,0,0,2
2023-06-12,5,5,10,0,7,0,0,0,0,1
2023-06-13,4,6,20,0,2,0,1,0,1,1
2023-06-14,8,11,17,2,15,0,0,0,1,5
2023-06-15,12,14,10,1,9,0,1,0,0,3
2023-06-16,10,16,19,2,24,0,0,0,0,0
2023-06-17,12,23,22,3,7,0,1,0,0,1
2023-06-18,7,23,13,1,7,0,2,0,0,2
2023-06-19,5,6,18,0,12,0,1,0,6,4
2023-06-20,8,15,23,4,10,0,1,0,2,5
2023-06-21,9,21,32,1,35,0,0,0,3,8
2023-06-22,7,12,21,2,10,0,1,0,1,0
2023-06-23,4,15,44,0,9,0,0,0,3,6
2023-06-24,7,6,30,2,13,0,1,0,4,3
2023-06-25,6,2,19,5,12,0,0,0,2,4
2023-06-26,1,14,21,0,10,0,0,0,0,5
2023-06-27,5,14,28,2,10,0,0,0,1,6
2023-06-28,0,13,6,1,7,0,0,0,1,0
2023-06-29,2,10,27,0,14,1,0,0,1,6
2023-06-30,3,6,11,3,6,0,0,0,1,0
2023-07-01,1,5,35,2,26,0,0,0,0,11
2023-07-02,10,20,26,5,12,0,0,0,1,3
2023-07-03,5,11,32,4,16,0,1,0,1,7
2023-07-04,2,9,32,6,29,0,0,0,3,0
2023-07-05,3,9,36,9,12,0,0,0,1,8
2023-07-06,6,15,22,1,21,0,0,0,9,7
2023-07-07,2,12,20,1,17,0,0,0,4,7
2023-07-08,4,9,16,3,14,0,0,0,2,7
2023-07-09,4,11,20,7,19,0,0,0,3,9
2023-07-10,7,2,5,0,1,0,0,0,1,4
2023-07-11,4,17,14,4,7,0,1,0,0,8
2023-07-12,1,7,17,2,33,0,0,0,1,7
2023-07-13,2,9,23,4,26,0,0,0,6,5
2023-07-14,5,9,24,2,31,0,0,0,2,10
2023-07-15,5,11,14,0,24,0,0,0,2,2
2023-07-16,5,7,18,1,13,0,0,0,0,2
2023-07-17,8,8,23,4,8,0,0,0,3,11
2023-07-18,4,17,38,4,11,0,0,0,0,0
2023-07-19,4,8,31,0,46,0,0,0,2,6
2023-07-20,6,6,19,3,33,0,0,0,3,2
2023-07-21,4,15,18,0,15,0,0,0,7,1
2023-07-22,7,16,19,1,11,0,0,0,8,5
2023-07-23,11,9,29,4,14,0,0,0,3,5
2023-07-24,11,13,17,0,5,0,0,0,1,2
2023-07-25,12,13,30,1,14,0,0,0,2,5
2023-07-26,3,5,22,0,16,0,1,0,3,5
2023-07-27,9,11,18,0,3,0,0,0,0,0
2023-07-28,4,14,30,0,11,0,0,0,1,1
2023-07-29,1,6,11,0,0,0,0,0,0,1
2023-07-30,14,11,9,0,4,0,0,0,1,1
2023-07-31,6,10,21,1,6,0,0,0,1,4
2023-08-01,5,17,23,0,10,0,0,0,2,3
2023-08-02,1,8,27,1,15,0,0,0,1,0
2023-08-03,7,21,26,4,35,0,0,0,2,3
2023-08-04,4,15,19,0,27,0,0,0,1,3
2023-08-05,4,2,32,0,12,0,0,0,0,6
2023-08-06,5,11,22,1,10,0,0,0,0,4
2023-08-07,7,8,12,4,28,0,0,0,1,1
2023-08-08,10,8,19,0,4,0,1,0,1,2
2023-08-09,8,12,17,2,17,0,0,0,1,5
2023-08-10,16,13,15,0,4,0,1,0,0,4
2023-08-11,12,15,15,2,18,0,0,0,2,10
2023-08-12,5,6,10,0,4,0,0,0,1,3
2023-08-13,3,11,19,0,3,0,0,0,5,1
2023-08-14,8,19,27,1,9,0,0,0,2,6
2023-08-15,7,16,29,0,29,0,1,0,3,3
2023-08-16,11,10,24,0,6,0,0,0,3,4
2023-08-17,5,18,17,0,24,0,0,0,1,0
2023-08-18,3,12,24,0,4,0,2,0,0,10
2023-08-19,8,14,19,0,6,0,0,0,0,2
2023-08-20,6,11,33,3,22,0,0,0,3,5
2023-08-21,12,14,19,2,5,0,0,0,0,4
2023-08-22,4,27,31,2,3,0,0,0,2,3
2023-08-23,11,12,23,1,12,0,0,0,0,3
2023-08-24,2,23,15,1,20,0,0,0,3,1
2023-08-25,3,10,28,1,12,0,0,0,1,1
2023-08-26,12,18,18,2,11,0,0,0,2,2
2023-08-27,6,15,24,2,11,0,0,0,1,4
2023-08-28,4,8,22,2,5,0,0,0,1,1
2023-08-29,14,17,25,3,4,0,0,0,1,11
2023-08-30,9,17,26,0,8,0,0,0,0,5
2023-08-31,13,8,31,1,22,0,0,0,0,5
2023-09-01,23,9,23,1,4,0,0,0,0,1
2023-09-02,12,24,30,1,12,0,0,0,1,4
2023-09-03,5,12,22,3,11,0,0,0,1,6
2023-09-04,4,14,29,2,37,0,0,1,1,6
2023-09-05,9,7,38,6,31,0,0,0,1,4
2023-09-06,8,12,36,1,7,0,0,0,1,1
2023-09-07,9,21,37,5,22,0,0,0,1,7
2023-09-08,23,23,31,1,29,0,0,0,1,1
2023-09-09,15,13,36,3,18,0,0,0,1,10
2023-09-10,10,16,22,3,5,0,0,0,1,2
2023-09-11,6,12,28,0,35,0,0,0,3,5
2023-09-12,8,11,33,4,17,0,0,0,3,4
2023-09-13,16,14,30,2,5,0,0,0,2,3
2023-09-14,15,18,42,3,47,0,0,1,0,5
2023-09-15,13,4,28,5,17,0,0,0,4,0
2023-09-16,4,10,16,0,24,0,0,0,0,2
2023-09-17,4,4,15,2,4,0,0,0,2,5
2023-09-18,3,6,24,0,27,0,0,0,2,5
2023-09-19,5,17,35,2,15,0,0,0,1,2
2023-09-20,7,17,34,1,37,0,0,0,0,3
2023-09-21,3,15,41,2,29,0,0,0,2,5
2023-09-22,6,8,40,4,8,0,0,0,0,1
2023-09-23,11,21,33,4,9,0,0,0,2,0
2023-09-24,7,2,23,0,21,0,0,0,1,2
2023-09-25,5,13,27,2,7,0,0,0,2,4
2023-09-26,5,19,39,1,29,0,0,0,0,7
2023-09-27,3,4,38,0,24,0,0,0,1,2
2023-09-28,4,12,38,1,9,0,0,0,1,2
2023-09-29,8,10,34,1,34,0,0,0,1,1
2023-09-30,4,12,38,2,15,0,0,0,1,2
2023-10-01,11,7,30,2,37,1,0,0,0,1
2023-10-02,10,9,48,3,18,0,0,0,0,5
2023-10-03,20,8,40,0,19,0,0,0,3,5
2023-10-04,13,18,47,1,41,0,0,0,0,3
2023-10-05,12,26,31,2,8,0,0,0,0,2
2023-10-06,20,30,23,2,29,0,0,0,0,3
2023-10-07,23,20,22,2,27,0,0,0,1,5
2023-10-08,21,21,17,0,5,0,0,0,1,3
2023-10-09,2,3,1,0,0,0,0,0,1,0
2023-10-10,6,3,7,0,17,0,0,0,1,2
2023-10-11,34,91,18,1,19,1,0,0,1,4
2023-10-12,42,44,32,2,21,0,0,0,0,1
2023-10-13,26,49,44,0,17,0,0,0,1,1
2023-10-14,9,24,26,0,1,1,0,0,1,4
2023-10-15,8,25,33,2,4,0,0,0,0,5
2023-10-16,17,23,44,1,11,1,1,0,0,5
2023-10-17,14,20,26,0,11,0,0,0,0,1
2023-10-18,2,15,8,0,10,1,6,0,0,0
2023-10-19,11,17,39,4,17,1,1,0,1,3
2023-10-20,55,120,29,4,8,0,0,0,0,0
2023-10-21,16,55,5,0,4,0,0,0,0,5
2023-10-22,18,19,15,3,9,0,0,0,1,1
2023-10-23,12,22,25,0,6,0,0,0,2,7
2023-10-24,12,16,24,3,18,0,0,0,1,8
2023-10-25,7,28,44,5,9,0,0,0,2,1
2023-10-26,29,18,30,1,17,0,0,0,2,3
2023-10-27,4,11,7,0,1,0,0,0,0,1
2023-10-28,22,23,18,0,9,0,0,0,2,0
2023-10-29,8,9,8,0,0,0,0,0,0,1
2023-10-30,15,17,14,0,20,1,0,0,1,2
2023-10-31,21,29,25,10,21,0,0,0,3,2
2023-11-01,12,30,23,2,28,0,0,0,1,3
2023-11-02,18,43,42,4,20,1,0,0,3,13
2023-11-03,24,24,36,4,7,0,0,0,0,2
2023-11-04,11,38,35,7,39,0,0,0,2,4
2023-11-05,8,14,12,6,0,0,0,0,2,9
2023-11-06,4,5,14,0,20,0,0,0,0,0
2023-11-07,5,16,21,2,3,0,0,0,0,2
2023-11-08,8,22,29,3,10,0,0,0,2,5
2023-11-09,15,18,36,3,26,0,0,0,5,5
2023-11-10,1,3,14,2,2,0,0,0,1,1
2023-11-11,25,24,38,2,25,0,0,2,1,9
2023-11-12,7,32,32,2,12,0,0,0,1,9
2023-11-13,5,6,10,0,2,0,0,0,0,1
2023-11-14,8,7,20,1,15,0,0,0,0,2
2023-11-15,15,18,58,2,26,1,0,0,2,2
2023-11-16,11,17,36,8,14,0,0,0,3,1
2023-11-17,27,11,29,3,20,0,0,0,0,2
2023-11-18,7,9,14,1,17,0,0,0,1,4
2023-11-19,13,25,18,2,29,0,0,0,2,6
2023-11-20,4,2,4,1,9,0,0,0,0,1
2023-11-21,0,6,4,0,7,0,0,0,0,1
2023-11-22,7,14,17,0,13,0,0,0,1,7
2023-11-23,20,36,33,3,15,0,0,0,2,2
2023-11-24,30,32,31,2,1,0,0,0,4,1
2023-11-25,6,7,18,1,8,0,0,0,1,4
2023-11-26,11,16,23,2,93,0,0,0,1,1
2023-11-27,7,3,1,0,4,0,0,0,0,0
2023-11-28,3,3,1,0,0,0,0,0,0,0
2023-11-29,15,27,32,3,39,0,0,0,3,8
2023-11-30,13,28,1,0,10,0,0,0,0,3
2023-12-01,13,32,22,2,22,0,0,0,2,13
2023-12-02,7,13,10,1,18,0,0,0,0,1
2023-12-03,4,11,8,0,1,0,0,0,0,2
2023-12-04,5,5,12,0,22,0,0,0,0,1
2023-12-05,7,15,26,0,15,0,0,0,3,7
2023-12-06,13,40,37,6,51,1,0,0,0,5
2023-12-07,18,26,21,0,33,0,0,0,0,3
2023-12-08,8,26,12,0,20,0,0,0,0,3
2023-12-09,6,11,1,0,0,0,0,0,0,0
2023-12-10,4,10,6,0,0,0,0,0,0,3
2023-12-11,19,31,6,0,18,0,0,0,0,6
2023-12-12,9,19,3,0,9,0,0,0,0,2
2023-12-13,18,15,3,0,10,0,0,0,0,6
2023-12-14,10,22,12,1,33,0,0,0,0,9
2023-12-15,14,38,11,0,20,0,0,0,0,4
2023-12-16,14,13,1,0,12,0,0,0,0,1
2023-12-17,19,25,37,3,40,0,0,0,4,4
2023-12-18,44,60,38,3,12,0,0,0,1,4
2023-12-19,15,19,15,0,9,0,0,0,1,2
2023-12-20,16,23,16,2,17,0,0,0,0,3
2023-12-21,14,31,20,4,26,0,0,0,0,5
2023-12-22,9,18,24,0,23,0,0,0,0,9
2023-12-23,17,28,36,0,19,3,0,0,0,6
2023-12-24,4,17,28,0,20,0,0,0,0,6
2023-12-25,19,31,33,2,32,2,0,0,2,5
2023-12-26,22,37,19,0,22,0,0,1,1,5
2023-12-27,14,17,10,0,13,0,0,0,2,1
2023-12-28,27,42,15,1,32,0,0,0,1,7
2023-12-29,13,18,26,3,36,0,0,0,3,7
2023-12-30,16,20,17,1,15,0,0,0,1,6
2023-12-31,8,17,30,4,37,0,0,0,2,8
2024-01-01,6,17,18,0,66,0,0,0,2,9
2024-01-02,7,13,49,2,53,0,0,0,1,7
2024-01-03,0,7,15,0,38,0,0,0,3,14
2024-01-04,12,21,28,2,5,0,0,0,1,6
2024-01-05,9,14,30,2,18,0,0,0,1,9
2024-01-06,7,16,13,1,16,0,0,0,2,4
2024-01-07,4,22,36,1,24,0,0,0,4,10
2024-01-08,9,14,13,2,11,0,0,0,1,1
2024-01-09,5,9,6,1,1,0,0,0,0,5
2024-01-10,2,13,12,2,11,0,0,0,1,3
2024-01-11,12,22,15,1,0,0,0,0,2,1
2024-01-12,10,16,11,0,2,0,0,0,1,2
2024-01-13,5,15,18,0,12,0,0,0,4,6
2024-01-14,10,33,19,0,13,0,0,0,2,8
2024-01-15,14,20,24,1,4,0,0,0,2,3
2024-01-16,24,36,30,3,12,2,0,0,3,9
2024-01-17,13,14,10,3,7,0,0,0,0,2
2024-01-18,21,38,24,2,41,0,0,0,0,13
2024-01-19,20,35,19,0,4,0,0,0,1,4
2024-01-20,4,10,14,1,5,0,0,0,0,5
2024-01-21,10,11,7,1,2,0,0,0,1,3
2024-01-22,11,23,21,0,25,0,0,0,2,5
2024-01-23,22,59,51,2,0,0,0,0,0,12
2024-01-24,13,31,61,1,37,0,0,0,2,7
2024-01-25,30,42,59,1,35,0,0,0,1,4
2024-01-26,8,16,15,0,0,0,0,0,0,5
2024-01-27,6,15,3,0,4,0,0,0,0,8
2024-01-28,9,19,12,0,4,0,0,0,0,3
2024-01-29,10,25,16,0,8,0,0,0,0,7
2024-01-30,10,29,31,0,35,1,0,0,3,5
2024-01-31,10,32,51,2,16,0,0,0,0,4
2024-02-01,12,16,33,2,36,0,0,0,0,10
2024-02-02,9,19,46,2,10,0,0,1,0,8
2024-02-03,10,13,26,1,15,0,0,0,0,3
2024-02-04,2,13,31,0,12,0,0,0,0,6
2024-02-05,5,4,18,0,0,0,0,0,1,7
2024-02-06,17,35,18,0,0,0,0,0,1,10
2024-02-07,7,22,20,1,4,0,0,0,0,1
2024-02-08,11,20,24,0,14,0,1,0,1,8
2024-02-09,2,22,24,1,18,0,0,0,0,4
2024-02-10,9,21,24,0,26,0,0,0,0,3
2024-02-11,12,14,16,0,22,0,0,0,0,1
2024-02-12,10,21,6,0,45,0,0,0,0,1
2024-02-13,8,27,19,0,30,0,0,0,1,4
2024-02-14,9,39,66,3,39,0,0,0,4,5
2024-02-15,9,47,54,0,33,0,0,1,0,1
2024-02-16,23,39,21,0,4,0,0,0,0,4
2024-02-17,11,16,28,0,5,0,0,0,0,5
2024-02-18,11,53,40,0,36,3,0,0,3,7
2024-02-19,11,34,24,2,11,1,0,0,0,5
2024-02-20,5,36,40,2,61,2,0,0,1,6
2024-02-21,13,70,53,4,39,0,0,0,3,7
2024-02-22,7,35,41,5,36,1,0,0,2,8
2024-02-23,3,37,49,2,32,0,0,0,2,9
2024-02-24,8,15,36,0,31,1,0,0,2,1
2024-02-25,8,16,29,0,22,0,0,0,0,2
2024-02-26,13,37,12,1,26,0,0,0,2,2
2024-02-27,1,16,16,0,22,0,0,0,0,8
2024-02-28,14,14,20,0,24,2,0,0,2,6
2024-02-29,23,44,41,0,15,0,0,0,2,7
2024-03-01,17,30,36,0,26,3,0,0,1,10
2024-03-02,14,29,47,3,35,1,0,0,5,6
2024-03-03,16,28,35,0,14,1,0,0,0,3
2024-03-04,8,21,22,1,2,0,0,0,2,1
2024-03-05,9,28,48,3,18,0,0,0,2,9
2024-03-06,21,40,50,1,58,0,0,1,1,12
2024-03-07,17,51,42,1,42,0,0,0,0,5
2024-03-08,11,19,25,2,35,0,0,0,3,9
2024-03-09,6,25,53,1,43,0,0,0,3,10
2024-03-10,19,27,38,3,41,0,0,0,2,6
2024-03-11,8,24,33,1,59,0,0,0,2,14
2024-03-12,8,27,23,0,43,0,0,0,2,5
2024-03-13,5,20,32,1,21,0,0,0,2,8
2024-03-14,5,17,11,0,15,0,0,0,2,9
2024-03-15,1,11,15,0,34,0,0,0,0,3
2024-03-16,21,24,26,0,14,0,0,0,2,1
2024-03-17,11,24,28,0,4,0,0,0,1,11
2024-03-18,19,17,34,0,36,0,0,0,0,8
2024-03-19,10,35,30,0,10,0,0,0,1,4
2024-03-20,9,9,16,0,37,0,0,0,0,3
2024-03-21,4,16,26,1,10,0,0,0,0,3
2024-03-22,8,37,35,0,23,0,0,0,2,8
2024-03-23,12,19,36,0,75,0,0,0,0,19
2024-03-24,24,28,44,0,47,0,0,0,0,10
2024-03-25,11,25,22,0,29,0,0,0,3,7
2024-03-26,6,24,27,1,14,0,0,0,1,4
2024-03-27,11,9,27,0,25,0,0,0,1,5
2024-03-28,10,21,32,2,22,0,0,0,1,6
2024-03-29,8,27,28,2,56,0,0,0,6,7
2024-03-30,29,20,15,0,45,0,0,0,1,7
2024-03-31,15,20,44,0,30,0,0,0,7,9
2024-04-01,20,17,32,0,26,0,0,0,1,3
2024-04-02,12,29,30,0,22,0,0,0,0,6
2024-04-03,11,18,30,2,17,0,0,0,1,6
2024-04-04,9,18,29,1,21,0,0,0,1,7
2024-04-05,15,73,50,3,30,0,0,0,1,4
2024-04-06,24,38,41,3,48,0,0,0,2,5
2024-04-07,17,54,54,4,61,0,0,0,0,10
2024-04-08,13,24,40,3,40,0,0,0,2,3
2024-04-09,23,45,30,0,37,0,0,0,2,1
2024-04-10,22,47,18,1,37,0,0,0,0,8
2024-04-11,5,12,48,0,34,0,0,0,1,6
2024-04-12,9,19,34,2,57,0,0,0,1,6
2024-04-13,23,47,32,3,40,0,0,0,1,5
2024-04-14,5,20,34,1,34,0,0,0,2,12
2024-04-15,6,31,41,0,31,0,0,0,0,3
2024-04-16,9,13,16,0,11,0,0,0,1,0
2024-04-17,4,18,15,0,2,0,0,0,1,2
2024-04-18,3,8,13,0,5,0,0,0,0,5
2024-04-19,9,17,21,0,27,0,0,0,2,0
2024-04-20,8,21,20,0,30,1,0,0,1,3
2024-04-21,16,23,41,0,38,0,0,0,4,8
2024-04-22,7,8,17,0,5,0,0,0,1,8
2024-04-23,5,12,29,0,23,0,0,0,1,2
2024-04-24,1,12,43,2,32,0,0,0,2,8
2024-04-25,13,14,28,1,10,0,0,0,1,2
2024-04-26,7,15,31,0,12,0,0,0,0,16
2024-04-27,6,14,38,0,24,0,0,0,3,6
2024-04-28,11,20,43,1,22,0,0,0,1,3
2024-04-29,6,16,37,1,21,0,0,0,2,3
2024-04-30,22,39,26,2,3,0,0,0,1,3
2024-05-01,5,21,13,0,7,0,0,0,1,3
2024-05-02,20,29,20,0,23,0,0,0,4,8
2024-05-03,22,33,58,0,19,0,0,0,2,5
2024-05-04,12,27,46,2,31,0,0,0,2,8
2024-05-05,9,23,64,2,25,1,0,0,2,1
2024-05-06,5,34,38,0,47,0,0,0,1,6
2024-05-07,25,14,37,0,34,0,0,0,1,9
2024-05-08,13,19,30,0,11,0,0,0,0,2
2024-05-09,11,35,23,1,47,0,0,0,1,8
2024-05-10,5,32,47,4,51,0,0,0,2,4
2024-05-11,15,40,55,2,42,0,0,0,1,9
2024-05-12,5,22,30,2,42,1,0,0,1,2
2024-05-13,31,42,15,4,26,0,0,0,0,6
2024-05-14,11,43,28,0,49,1,0,0,1,6
2024-05-15,14,48,23,0,30,0,0,0,0,7
2024-05-16,19,30,27,0,13,0,0,0,0,1
2024-05-17,18,14,38,1,45,2,1,0,2,7
2024-05-18,13,43,36,0,35,1,0,0,1,6
2024-05-19,16,35,48,3,47,0,0,0,2,2
2024-05-20,14,35,50,2,81,0,0,1,4,2
2024-05-21,15,34,42,1,54,0,0,0,4,6
2024-05-22,6,22,41,0,56,0,0,0,1,5
2024-05-23,11,27,40,0,45,1,0,0,1,4
2024-05-24,13,27,42,3,10,1,0,0,0,7
2024-05-25,15,11,27,2,13,0,0,0,1,3
2024-05-26,12,17,24,1,11,1,0,0,0,7
2024-05-27,9,15,28,1,42,0,0,0,1,7
2024-05-28,21,40,48,1,15,0,0,0,0,4
2024-05-29,8,33,37,2,28,0,0,0,0,20
2024-05-30,10,22,35,1,22,0,0,0,0,11
2024-05-31,18,22,39,0,55,0,0,0,0,11
2024-06-01,12,12,44,0,30,0,0,0,0,17
2024-06-02,25,33,49,1,82,0,0,0,6,14
2024-06-03,14,22,47,1,40,0,0,0,3,4
2024-06-04,15,18,65,2,27,0,0,0,3,12
2024-06-05,12,16,40,0,39,0,0,0,3,12
2024-06-06,22,40,48,3,41,0,0,0,1,7
2024-06-07,6,20,64,0,40,0,0,1,2,8
2024-06-08,9,9,36,0,59,0,0,0,1,10
2024-06-09,26,26,60,2,37,0,0,0,2,5
2024-06-10,10,13,51,1,28,1,0,0,1,14
2024-06-11,23,32,46,1,13,1,0,0,5,21
2024-06-12,9,11,46,0,19,0,0,0,2,2
2024-06-13,17,21,34,0,33,0,0,0,2,4
2024-06-14,8,26,48,2,22,0,0,0,3,16
2024-06-15,20,29,37,2,51,0,0,0,4,12
2024-06-16,0,6,58,1,11,0,0,0,0,3
2024-06-17,2,18,14,0,8,0,0,0,0,12
2024-06-18,16,20,32,0,20,0,0,0,0,7
2024-06-19,10,12,48,0,34,0,0,0,4,7
2024-06-20,3,18,45,1,39,0,0,0,2,6
2024-06-21,14,35,54,1,0,0,0,0,2,10
2024-06-22,8,11,28,0,45,0,0,0,0,2
2024-06-23,10,15,61,2,50,0,0,0,2,8
2024-06-24,12,15,51,0,27,0,0,0,0,20
2024-06-25,4,18,35,0,31,0,0,0,0,6
2024-06-26,4,19,40,0,22,0,0,0,0,6
2024-06-27,3,9,42,0,24,0,0,0,5,11
2024-06-28,24,21,60,1,50,1,0,0,3,11
2024-06-29,7,25,57,0,29,0,0,0,0,5
2024-06-30,7,19,53,1,46,0,0,0,2,12
2024-07-01,19,26,66,1,36,0,0,0,1,0
2024-07-02,8,16,56,3,21,0,0,0,0,4
2024-07-03,16,17,57,1,27,0,0,0,2,12
2024-07-04,9,17,65,0,26,0,0,0,2,4
2024-07-05,10,11,54,0,63,0,0,0,0,5
2024-07-06,11,18,66,0,52,0,0,0,0,6
2024-07-07,2,16,40,0,53,0,0,0,1,16
2024-07-08,16,40,29,0,31,1,0,0,1,8
2024-07-09,7,19,49,0,29,0,0,0,0,13
2024-07-10,2,11,36,0,51,0,0,0,3,15
2024-07-11,2,17,59,4,36,0,0,0,3,4
2024-07-12,9,23,48,0,26,0,0,0,2,8
2024-07-13,8,24,58,0,34,0,0,0,1,13
2024-07-14,7,32,46,0,39,0,0,0,1,10
2024-07-15,8,15,62,0,40,0,0,0,2,3
2024-07-16,13,36,44,0,45,0,0,0,0,8
2024-07-17,11,9,43,1,31,0,0,0,1,9
2024-07-18,7,12,54,0,50,0,0,0,0,7
2024-07-19,5,19,55,0,42,0,0,0,1,0
2024-07-20,7,15,22,1,34,1,0,0,1,14
2024-07-21,9,46,44,0,52,0,0,0,1,9
2024-07-22,18,17,51,2,73,0,0,0,4,21
2024-07-23,4,20,57,2,36,0,0,0,1,3
2024-07-24,14,13,65,0,33,1,0,0,1,10
2024-07-25,11,26,45,0,66,0,0,0,2,11
2024-07-26,7,11,36,0,73,0,0,0,0,7
2024-07-27,11,24,45,0,53,0,0,0,1,3
2024-07-28,13,21,51,2,30,0,0,0,1,0
2024-07-29,12,8,74,2,39,0,0,0,0,19
2024-07-30,25,38,46,1,27,0,0,0,0,6
2024-07-31,9,20,30,1,21,0,0,0,1,1
2024-08-01,9,42,33,1,115,0,0,0,0,16
2024-08-02,3,8,42,2,37,0,0,0,0,6
2024-08-03,4,27,56,1,52,0,0,0,1,4
2024-08-04,5,17,59,3,46,0,0,0,3,11
2024-08-05,6,31,69,0,19,2,0,0,0,3
2024-08-06,4,8,39,0,36,0,0,0,0,1
2024-08-07,8,29,67,0,54,0,0,0,0,21
2024-08-08,2,9,36,4,81,1,1,0,4,8
2024-08-09,3,9,49,0,32,0,0,0,2,2
2024-08-10,7,9,69,1,47,0,0,0,2,20
2024-08-11,6,13,58,0,27,0,1,0,0,11
2024-08-12,3,5,65,3,73,0,0,0,1,1
2024-08-13,5,17,36,0,19,0,0,0,1,5
2024-08-14,21,17,57,5,57,0,0,0,1,7
2024-08-15,8,24,47,3,50,1,0,0,1,0
2024-08-16,12,35,59,5,61,0,0,0,0,16
2024-08-17,5,12,58,1,55,0,0,0,1,15
2024-08-18,7,7,71,1,38,0,0,0,0,2
2024-08-19,5,15,48,4,57,0,0,0,2,17
2024-08-20,5,26,52,1,55,0,0,0,1,22
2024-08-21,4,21,60,0,38,0,0,0,2,2
2024-08-22,7,25,46,0,96,0,0,0,3,17
2024-08-23,4,32,45,1,27,0,0,0,1,6
2024-08-24,9,21,42,2,39,0,0,0,3,1
2024-08-25,5,11,47,2,31,0,0,0,1,17
2024-08-26,4,17,47,1,39,0,0,0,1,13
2024-08-27,12,19,52,1,120,0,0,0,0,3
2024-08-28,5,14,27,1,94,1,0,0,1,6
2024-08-29,3,18,27,0,21,0,0,0,1,15
2024-08-30,3,23,23,1,84,0,0,0,1,2
2024-08-31,8,14,42,1,18,0,0,0,0,10
2024-09-01,10,24,22,0,36,0,0,0,0,14
2024-09-02,9,26,10,1,30,0,0,0,0,2
2024-09-03,10,35,18,0,36,0,0,0,0,9
2024-09-04,7,27,30,0,43,0,0,0,0,12
2024-09-05,6,21,31,0,42,0,0,0,0,10
2024-09-06,7,9,20,1,74,0,0,0,1,13
2024-09-07,1,0,29,0,52,0,0,0,1,0
2024-09-08,4,19,30,2,80,0,0,0,0,10
2024-09-09,3,9,26,0,33,0,0,0,0,2
2024-09-10,1,19,50,0,36,0,0,0,0,4
2024-09-11,2,13,56,2,57,0,0,0,1,6
2024-09-12,11,17,73,2,43,1,0,0,2,2
2024-09-13,18,48,52,1,80,0,0,0,0,10
2024-09-14,3,40,25,1,36,0,0,0,1,13
2024-09-15,6,20,23,0,85,0,0,0,1,0
2024-09-16,3,8,14,1,29,0,0,0,0,6
2024-09-17,2,6,6,1,66,0,0,0,0,1
2024-09-18,6,3,25,0,25,0,0,0,0,18
2024-09-19,14,13,23,1,63,0,0,0,0,0
2024-09-20,20,39,35,0,52,0,0,0,2,6
2024-09-21,21,38,58,4,92,0,0,0,0,10
2024-09-22,22,52,63,2,67,0,0,0,0,19
2024-09-23,16,30,81,2,71,0,0,0,0,1
2024-09-24,16,40,61,1,65,0,0,0,3,10
2024-09-25,15,12,74,1,115,0,0,0,0,13
2024-09-26,10,40,71,0,67,0,0,0,7,22
2024-09-27,21,52,58,0,85,0,0,0,2,2
2024-09-28,14,42,55,4,62,0,0,0,0,99
2024-09-29,9,38,62,1,93,0,0,0,1,6
2024-09-30,5,27,27,0,38,0,0,0,1,16
2024-10-01,9,44,33,0,98,0,0,0,0,1
2024-10-02,4,32,14,0,26,0,0,0,0,4
2024-10-03,6,17,37,0,45,0,0,0,1,12
2024-10-04,15,31,59,8,101,0,0,0,1,3
2024-10-05,8,31,72,4,35,0,0,0,5,11
2024-10-06,3,21,55,0,49,0,0,0,0,19
2024-10-07,14,31,64,7,65,0,0,0,2,1
2024-10-08,7,30,47,0,43,0,0,0,1,9
2024-10-09,4,11,19,0,32,1,0,0,0,12
2024-10-10,1,14,41,2,49,0,0,0,3,1
2024-10-11,8,35,59,4,70,0,1,0,0,10
2024-10-12,9,27,59,1,110,0,0,0,0,38
2024-10-13,9,49,29,1,45,0,0,0,2,1
2024-10-14,4,19,11,0,17,0,0,0,0,2
2024-10-15,13,44,9,0,10,0,0,0,0,4
2024-10-16,9,30,29,0,31,0,0,0,0,0
2024-10-17,17,33,51,1,54,0,0,0,0,5
2024-10-18,13,51,23,0,48,0,0,0,0,2
2024-10-19,8,19,15,0,78,0,0,0,0,25
2024-10-20,12,39,17,0,57,0,0,0,0,3
2024-10-21,24,64,24,0,46,0,0,0,1,3
2024-10-22,8,24,34,2,71,0,0,0,2,20
2024-10-23,9,30,51,0,85,0,0,0,0,10
2024-10-24,2,25,45,2,108,0,0,0,0,4
2024-10-25,7,33,34,2,73,0,0,0,1,22
2024-10-26,12,45,29,2,56,0,0,0,2,6
2024-10-27,4,23,39,0,73,0,0,0,0,1
2024-10-28,7,40,51,0,68,0,0,0,0,14
2024-10-29,9,9,45,1,72,0,0,0,0,10
2024-10-30,8,29,38,1,40,0,0,0,2,1
2024-10-31,19,17,58,1,84,0,0,0,8,3
2024-11-01,6,20,26,1,25,0,0,0,0,9
2024-11-02,8,17,37,0,29,0,0,0,0,4
2024-11-03,12,36,10,0,70,0,0,0,0,1
2024-11-04,11,15,35,1,93,0,0,0,0,3
2024-11-05,15,43,29,0,29,0,0,0,2,0
2024-11-06,6,11,20,0,57,0,0,0,0,1
2024-11-07,10,20,24,0,42,0,0,0,0,8
2024-11-08,9,49,32,0,118,0,0,0,0,6
2024-11-09,5,36,23,0,49,0,0,0,0,2
2024-11-10,11,29,31,0,44,0,0,0,0,0
2024-11-11,4,40,34,0,57,0,0,0,0,16
2024-11-12,23,81,38,4,61,0,0,0,0,6
2024-11-13,24,49,56,0,61,0,0,0,0,3
2024-11-14,19,51,64,3,54,0,0,0,1,0
2024-11-15,11,21,20,0,34,0,0,0,2,16
2024-11-16,8,26,28,0,28,0,0,0,0,6
2024-11-17,12,27,36,0,60,0,0,0,0,2
2024-11-18,15,38,30,0,99,0,0,0,0,2
2024-11-19,17,33,46,0,38,0,0,0,0,17
2024-11-20,8,27,49,0,91,0,0,0,2,2
2024-11-21,8,24,50,1,57,0,0,0,2,0
2024-11-22,1,13,5,1,1,0,0,0,1,1
2024-11-23,20,36,24,0,105,0,0,0,0,3
2024-11-24,4,17,5,0,1,0,0,0,0,1
2024-11-25,6,27,22,0,114,0,0,0,0,2
2024-11-26,6,20,19,0,72,0,0,0,0,2
2024-11-27,14,48,24,1,64,0,0,0,1,4
2024-11-28,1,2,22,0,45,0,0,0,0,10
2024-11-29,8,33,34,0,89,0,0,0,1,3
2024-11-30,5,16,23,0,42,0,0,0,13,0
2024-12-01,6,14,14,0,11,0,0,0,0,2
2024-12-02,9,28,30,0,83,0,0,0,0,0
2024-12-03,8,22,23,0,31,0,0,0,0,8
2024-12-04,7,31,26,0,29,0,0,0,1,1
2024-12-05,13,22,21,0,31,0,0,0,0,2
2024-12-06,8,46,20,0,46,0,0,0,0,3
2024-12-07,0,17,12,0,19,0,0,0,2,0
2024-12-08,5,36,3,0,29,0,0,0,1,2
2024-12-09,0,18,3,0,22,0,0,0,0,1
2024-12-10,5,7,3,0,14,0,0,0,0,1
2024-12-11,2,20,3,0,4,0,0,0,0,4
2024-12-12,6,28,5,0,0,0,0,0,0,1
2024-12-13,5,31,6,0,65,0,0,0,0,0
2024-12-14,2,0,24,0,53,0,0,0,0,2
2024-12-15,12,32,26,3,127,0,0,0,2,4
2024-12-16,12,29,23,0,16,0,0,0,0,2
2024-12-17,4,15,8,0,34,0,0,0,0,0
2024-12-18,4,21,5,0,64,0,0,0,0,2
2024-12-19,5,27,14,0,51,0,0,0,1,4
2024-12-20,8,24,42,0,79,0,0,0,1,6
2024-12-21,10,18,32,0,85,0,0,0,0,0
2024-12-22,15,29,32,0,50,0,0,0,3,0
2024-12-23,6,15,29,0,55,0,0,0,0,2
2024-12-24,9,30,10,0,44,0,0,0,0,3
2024-12-25,4,8,10,0,74,0,0,0,0,0
2024-12-26,2,10,24,0,63,0,0,0,1,0
2024-12-27,14,18,22,0,28,0,0,0,1,1
2024-12-28,7,19,29,0,14,0,0,0,0,0
2024-12-29,5,11,42,0,25,0,0,0,0,2
2024-12-30,7,22,44,0,31,0,0,0,0,0
2024-12-31,5,27,34,0,12,0,0,0,0,1
2025-01-01,4,13,4,0,50,0,1,0,0,1
2025-01-02,4,13,20,0,69,0,0,0,0,3
2025-01-03,1,14,3,1,49,0,0,0,0,0
2025-01-04,2,23,23,0,107,0,1,0,0,0
2025-01-05,7,26,25,0,91,0,0,0,0,2
2025-01-06,14,45,62,1,178,0,0,0,2,4
2025-01-07,10,25,45,2,83,0,0,0,4,0
2025-01-08,4,16,19,0,19,0,0,0,0,0
2025-01-09,17,16,36,0,86,0,0,0,0,5
2025-01-10,10,32,24,0,71,0,0,0,3,3
2025-01-11,10,18,28,0,74,0,0,0,1,3
2025-01-12,5,18,22,0,63,0,0,0,0,2
2025-01-13,8,26,37,1,183,0,0,0,2,1
2025-01-14,3,11,47,1,72,0,0,0,0,1
2025-01-15,13,22,52,0,107,0,0,0,2,0
2025-01-16,11,20,40,0,120,0,0,0,0,1
2025-01-17,12,13,4,0,63,0,0,0,0,2
2025-01-18,0,13,21,0,13,0,0,0,0,0
2025-01-19,8,18,15,0,36,0,0,0,0,1
2025-01-20,10,42,19,0,153,0,0,0,3,6
2025-01-21,12,23,60,0,130,0,0,0,1,4
2025-01-22,11,8,60,0,141,0,0,0,0,1
2025-01-23,6,12,62,0,72,0,0,0,0,3
2025-01-24,2,11,39,1,51,0,0,0,0,1
2025-01-25,7,37,14,0,51,0,0,0,0,0
2025-01-26,9,4,14,0,40,0,0,0,0,0
2025-01-27,3,12,16,0,74,0,0,0,0,1
2025-01-28,5,12,27,0,72,0,0,0,0,2
2025-01-29,10,24,29,1,57,0,0,0,0,3
2025-01-30,4,17,17,0,54,0,0,0,0,4
2025-01-31,3,17,33,1,63,0,0,0,0,1
2025-02-01,9,22,48,1,121,0,0,0,0,1
2025-02-02,6,14,45,1,99,0,0,0,0,2
2025-02-03,12,18,51,1,118,0,0,0,3,2
2025-02-04,18,24,66,1,92,0,0,0,0,2
2025-02-05,9,12,52,0,99,0,0,0,0,2
2025-02-06,18,16,46,2,83,0,0,0,2,2
2025-02-07,10,18,32,0,116,0,0,0,1,1
2025-02-08,6,22,35,2,102,0,0,0,0,0
2025-02-09,11,20,24,0,83,1,0,0,0,1
2025-02-10,9,16,35,0,137,0,0,0,3,1
2025-02-11,13,31,44,2,132,0,0,0,1,1
2025-02-12,9,27,53,1,164,0,0,0,1,1
2025-02-13,17,23,58,2,153,0,0,0,2,2
2025-02-14,17,16,81,4,152,0,0,0,3,1
2025-02-15,11,17,59,1,117,0,0,0,1,2
2025-02-16,5,84,11,0,36,0,0,0,0,2
2025-02-17,16,52,37,0,128,0,0,0,0,1
2025-02-18,12,12,53,2,181,0,0,0,1,1
2025-02-19,19,23,72,3,175,0,0,0,4,1
2025-02-20,14,14,63,3,160,0,0,0,6,0
2025-02-21,12,18,52,4,135,0,0,0,2,1
2025-02-22,15,9,66,0,155,0,0,0,0,1
2025-02-23,7,12,54,1,117,0,0,0,1,3
2025-02-24,9,6,44,3,217,0,0,0,0,0
2025-02-25,5,11,26,0,122,0,0,0,2,2
2025-02-26,19,15,34,0,194,0,0,0,2,0
2025-02-27,8,13,69,0,141,0,0,0,1,1
2025-02-28,13,38,92,4,172,0,0,0,1,3
2025-03-01,11,15,61,1,128,0,0,0,1,0
2025-03-02,8,25,51,2,192,0,0,0,3,5
2025-03-03,11,16,60,0,61,0,0,0,2,0
2025-03-04,3,8,45,0,86,0,0,0,1,0
2025-03-05,1,6,23,0,108,0,0,0,0,1
2025-03-06,5,7,21,0,80,0,0,0,2,0
2025-03-07,3,23,16,0,95,0,0,0,0,0
2025-03-08,4,12,24,1,148,0,0,0,3,3
2025-03-09,6,14,58,3,190,0,0,0,2,1
2025-03-10,18,40,65,1,241,0,0,0,1,0
2025-03-11,11,23,75,2,198,0,0,0,1,2
2025-03-12,3,7,44,1,111,0,0,0,0,2
2025-03-13,1,2,19,0,71,0,0,0,0,0
2025-03-14,6,11,46,0,153,0,0,0,0,0
2025-03-15,2,15,28,1,97,0,0,0,0,0
2025-03-16,10,20,78,2,180,0,0,0,1,0
2025-03-17,19,11,37,1,54,0,0,0,0,1
2025-03-18,8,20,42,1,149,0,0,0,3,2
2025-03-19,12,14,64,1,100,0,0,0,0,0
2025-03-20,13,38,43,2,179,0,0,0,3,0
2025-03-21,17,28,101,2,185,0,0,0,1,2
2025-03-22,9,20,96,3,258,0,0,0,0,0
2025-03-23,9,27,104,6,157,0,0,0,5,2
2025-03-24,8,16,81,5,146,0,4,0,1,1
2025-03-25,5,18,61,3,118,0,0,0,0,0
2025-03-26,5,15,17,0,59,0,0,0,0,1
2025-03-27,8,16,58,2,108,0,0,0,1,1
2025-03-28,17,61,122,1,144,0,0,0,1,0
2025-03-29,23,34,64,1,164,0,0,0,3,0
2025-03-30,14,20,56,2,111,0,0,0,0,0
2025-03-31,4,3,30,0,71,0,0,0,1,0
2025-04-01,9,37,15,0,46,0,0,0,0,0
2025-04-02,10,24,24,0,43,0,0,0,0,0
2025-04-03,6,22,49,1,92,0,0,0,0,0
2025-04-04,7,30,38,1,72,0,0,0,0,0
2025-04-05,13,20,67,1,109,0,0,0,1,1
2025-04-06,13,20,56,4,68,0,0,0,0,1
2025-04-07,13,25,31,2,28,0,0,0,0,1
2025-04-08,5,14,43,3,43,0,0,0,2,2
2025-04-09,4,10,52,0,56,0,0,0,1,0
2025-04-10,3,12,70,0,105,0,0,0,0,4
2025-04-11,1,15,61,1,122,0,0,0,0,2
2025-04-12,11,7,49,2,78,0,0,0,0,0
2025-04-13,12,33,71,0,147,0,0,0,1,1
2025-04-14,19,42,59,0,119,0,0,0,2,2
2025-04-15,7,20,68,2,147,0,0,0,2,0
2025-04-16,9,13,87,0,146,0,0,0,0,3
2025-04-17,16,54,65,2,88,0,0,0,3,3
2025-04-18,8,40,88,1,140,0,0,0,1,51
2025-04-19,14,9,70,1,111,0,0,0,3,0
2025-04-20,1,5,49,0,64,0,0,0,0,1
2025-04-21,2,2,10,0,30,0,0,0,0,0
2025-04-22,4,23,30,0,118,0,0,0,1,0
2025-04-23,8,11,85,1,138,0,0,0,1,1
2025-04-24,3,5,49,1,134,0,0,0,0,0
2025-04-25,9,3,72,3,119,0,0,0,3,0
2025-04-26,8,5,70,0,118,0,0,0,1,0
2025-04-27,8,5,42,1,114,0,0,0,0,0
2025-04-28,4,13,31,0,72,0,0,0,0,0
2025-04-29,5,14,42,0,94,0,0,0,1,0
2025-04-30,1,1,11,1,112,0,0,0,0,9
2025-05-01,3,11,45,1,112,0,0,0,2,0
2025-05-02,9,5,50,0,138,0,0,0,4,0
2025-05-03,4,0,48,0,126,0,0,0,1,1
2025-05-04,13,34,93,1,195,2,0,0,2,0
2025-05-05,5,8,43,1,137,0,0,0,0,0
2025-05-06,3,5,61,1,145,0,0,0,0,3
2025-05-07,14,3,71,0,124,0,0,0,0,0
2025-05-08,2,10,50,1,141,0,0,0,1,2
2025-05-09,4,4,36,1,39,0,0,0,1,0
2025-05-10,4,7,49,0,36,0,0,0,1,0
2025-05-11,2,6,33,1,55,0,0,0,1,3
2025-05-12,8,27,48,0,141,0,0,0,3,6
2025-05-13,2,14,62,0,100,0,0,0,0,0
2025-05-14,2,14,47,1,82,0,0,0,3,0
2025-05-15,8,13,45,2,140,0,1,0,1,8
2025-05-16,13,32,36,1,123,0,0,0,1,0
2025-05-17,6,7,34,1,155,0,0,0,0,0
2025-05-18,1,4,38,1,107,0,0,0,0,0
2025-05-19,1,5,29,0,118,0,0,0,0,0
2025-05-20,1,5,58,1,118,0,0,0,0,2
2025-05-21,1,2,23,0,71,0,0,0,0,1
2025-05-22,4,5,32,0,105,0,0,0,0,0
2025-05-23,2,1,43,2,148,0,0,0,0,0
2025-05-24,11,47,36,5,232,0,0,0,2,0
2025-05-25,2,11,68,1,190,0,0,0,0,7
2025-05-26,4,8,51,1,264,0,0,0,2,0
2025-05-27,2,1,17,0,222,0,0,0,0,0
2025-05-28,4,2,18,0,65,0,0,0,0,0
2025-05-29,0,1,31,0,81,0,0,0,0,0
2025-05-30,1,2,35,1,71,0,0,0,1,0
2025-05-31,2,5,54,2,145,0,0,0,1,0
2025-06-01,5,4,52,1,151,0,0,0,0,1
2025-06-02,2,7,48,0,256,0,0,0,2,2
2025-06-03,7,8,48,1,126,41,0,0,1,0
2025-06-04,3,7,88,0,176,0,0,0,0,2
2025-06-05,3,2,39,4,95,0,0,0,1,0
2025-06-06,2,5,44,0,174,0,0,0,3,0
2025-06-07,15,52,56,4,300,0,1,0,1,1
2025-06-08,7,11,42,0,158,1,0,0,2,3
2025-06-09,4,11,42,1,167,0,0,0,0,0
2025-06-10,4,9,48,1,239,2,0,0,0,1
2025-06-11,8,15,34,1,240,0,0,0,0,2
2025-06-12,6,3,47,0,138,0,0,0,1,0
2025-06-13,1,5,42,3,72,0,0,0,0,0
2025-06-14,3,7,52,1,79,0,0,0,1,0
2025-06-15,0,6,33,1,123,0,0,0,1,1
2025-06-16,2,7,18,0,95,0,0,0,1,1
2025-06-17,1,3,20,1,177,0,0,0,0,0
2025-06-18,7,31,37,1,184,0,0,0,0,0
2025-06-19,4,8,63,0,64,0,0,0,0,2
2025-06-20,3,7,46,1,70,0,0,0,1,2
2025-06-21,1,5,19,0,123,0,0,0,0,0
2025-06-22,9,2,39,0,157,0,0,0,0,0
2025-06-23,1,5,58,2,138,0,0,0,0,0
2025-06-24,1,7,21,1,198,0,0,0,0,0
2025-06-25,1,6,58,1,131,0,0,0,0,0
2025-06-26,1,7,48,0,107,0,0,0,0,1
2025-06-27,1,4,13,0,87,0,0,0,0,0
2025-06-28,1,12,35,0,237,4,0,0,1,0
2025-06-29,6,7,24,0,147,0,0,0,0,0
2025-06-30,4,7,29,2,172,0,3,0,1,0
2025-07-01,3,6,36,0,144,0,0,0,0,0
2025-07-02,2,3,40,0,73,0,0,0,1,0
2025-07-03,1,5,21,0,85,0,0,0,0,1
2025-07-04,2,10,50,1,205,0,0,0,0,3
2025-07-05,2,7,56,0,306,0,0,0,0,0
2025-07-06,2,3,39,2,216,1,0,0,1,0
2025-07-07,3,7,33,2,233,0,0,0,0,2
2025-07-08,0,4,41,2,172,0,0,0,0,0
2025-07-09,5,2,68,0,227,0,0,0,1,2
2025-07-10,11,3,38,3,324,0,0,0,0,0
2025-07-11,2,7,23,0,222,0,0,0,0,0
2025-07-12,0,1,31,0,245,0,0,0,0,0
2025-07-13,3,3,49,1,263,0,0,0,1,0
2025-07-14,3,4,51,0,124,0,0,0,0,3
2025-07-15,3,6,52,2,245,0,0,0,0,0
2025-07-16,3,2,49,0,284,0,0,0,2,0
2025-07-17,4,1,43,0,250,0,0,0,1,0
2025-07-18,3,9,47,1,135,0,0,0,0,0
2025-07-19,0,7,46,1,163,0,0,0,1,0
2025-07-20,3,9,52,1,270,0,0,0,0,0
2025-07-21,2,7,54,1,199,0,0,0,1,2
2025-07-22,1,7,43,1,256,0,0,0,0,1
2025-07-23,3,2,42,1,115,0,0,0,0,0
2025-07-24,5,10,24,0,86,0,0,0,0,0
2025-07-25,3,5,31,0,196,0,0,0,2,0
2025-07-26,7,7,35,2,125,0,0,0,0,0
2025-07-27,1,4,10,1,199,0,0,0,0,0
2025-07-28,4,1,4,1,235,0,0,0,0,0
2025-07-29,4,0,39,1,192,0,0,0,1,0
2025-07-30,1,1,30,0,100,0,0,0,0,0
2025-07-31,1,1,16,0,209,0,0,0,1,0
2025-08-01,1,2,33,0,163,0,0,0,0,0
2025-08-02,0,1,38,1,139,0,0,0,0,0
2025-08-03,0,2,43,0,178,0,0,0,0,0
2025-08-04,1,8,28,0,77,0,0,0,0,0
2025-08-05,2,12,28,0,169,0,0,0,0,0
2025-08-06,1,0,52,3,147,0,0,0,0,1
2025-08-07,4,4,47,1,163,0,0,0,0,0
2025-08-08,7,7,52,0,238,0,0,0,0,0
2025-08-09,5,1,41,0,147,0,0,0,1,0
2025-08-10,1,4,70,4,140,0,0,0,0,0
2025-08-11,4,7,37,2,191,0,0,0,0,0
2025-08-12,5,5,26,2,107,0,0,0,1,1
2025-08-13,1,8,23,1,99,0,0,0,2,0
2025-08-14,5,3,29,1,191,0,0,0,0,0
2025-08-15,2,3,40,1,147,1,0,0,0,3
2025-08-16,6,2,42,0,152,0,0,0,0,2
2025-08-17,4,8,49,1,186,0,0,0,1,0
2025-08-18,2,5,43,1,157,0,0,0,0,0
2025-08-19,0,0,66,1,209,0,0,0,0,1
2025-08-20,1,4,50,0,260,0,0,0,0,0
2025-08-21,1,5,41,1,315,0,0,0,1,1
2025-08-22,4,3,46,1,318,0,0,0,1,0
2025-08-23,5,4,23,0,148,0,0,0,0,0
2025-08-24,0,3,40,0,121,0,0,0,1,0
2025-08-25,1,8,48,0,291,0,0,0,0,4
2025-08-26,4,3,33,0,95,0,0,0,0,2
2025-08-27,1,0,45,0,194,0,0,0,1,0
2025-08-28,4,7,40,2,325,0,0,0,0,2
2025-08-29,4,6,61,2,414,0,0,0,1,0
2025-08-30,6,19,47,0,316,0,0,0,0,0
2025-08-31,2,2,27,0,371,0,0,0,0,0
2025-09-01,4,17,49,0,214,0,1,0,0,0
2025-09-02,1,4,53,1,170,0,0,0,0,0
2025-09-03,1,4,41,0,338,0,0,0,0,4
2025-09-04,0,4,43,2,261,0,0,0,2,0
2025-09-05,2,2,50,1,222,0,0,0,1,0
2025-09-06,2,0,39,0,256,0,0,0,1,1
2025-09-07,2,11,42,1,294,0,0,0,0,4
2025-09-08,5,4,29,0,461,0,0,0,0,0
2025-09-09,1,3,32,1,226,0,0,0,0,2
2025-09-10,3,1,29,1,347,0,0,0,0,1
2025-09-11,4,2,22,0,343,0,0,0,0,0
2025-09-12,1,2,40,2,273,0,0,0,0,0
2025-09-13,4,1,39,1,358,0,0,0,0,0
2025-09-14,3,0,42,1,261,0,0,0,0,0
2025-09-15,0,2,35,1,323,0,0,0,0,1
2025-09-16,0,5,26,2,310,0,0,0,0,0
2025-09-17,5,3,36,0,360,0,0,0,0,0
2025-09-18,2,0,33,1,390,0,0,0,0,0
2025-09-19,0,1,17,1,211,0,0,0,1,3
2025-09-20,1,2,31,0,365,0,0,0,0,0
2025-09-21,1,1,25,0,553,0,0,0,0,1
2025-09-22,1,1,47,1,403,0,3,0,0,0
2025-09-23,5,0,53,2,485,2,1,0,0,0
2025-09-24,2,3,43,1,334,2,0,0,0,4
2025-09-25,0,2,38,5,415,1,0,0,4,2
2025-09-26,2,0,14,0,334,0,0,0,0,0
2025-09-27,1,1,39,1,362,0,0,0,1,2
2025-09-28,7,2,45,1,454,0,0,0,0,0
2025-09-29,7,0,53,1,617,0,0,0,1,2
2025-09-30,4,1,27,1,301,0,1,0,0,0
2025-10-01,1,3,13,0,249,0,0,0,0,0
2025-10-02,1,2,12,2,271,0,0,0,0,0
2025-10-03,1,1,77,7,270,0,0,0,0,0
2025-10-04,1,1,15,1,450,0,0,0,0,1
2025-10-05,4,1,18,1,320,0,0,0,0,0
2025-10-06,5,14,18,0,363,0,0,0,1,0
2025-10-07,3,6,29,0,338,0,0,0,1,2
2025-10-08,2,5,26,1,401,0,0,0,1,0
2025-10-09,1,1,15,0,328,0,0,0,0,0
2025-10-10,5,14,13,0,254,0,0,0,0,0
2025-10-11,1,6,21,1,219,0,0,0,0,0
2025-10-12,1,0,10,0,244,0,0,0,0,3
2025-10-13,3,0,21,2,232,0,0,0,0,1
2025-10-14,5,0,29,0,390,0,0,0,0,0
2025-10-15,3,2,43,0,389,0,0,0,2,0
2025-10-16,2,37,42,0,416,0,0,0,0,0
2025-10-17,5,10,35,0,588,0,0,0,1,1
2025-10-18,1,2,41,2,498,1,0,0,0,2
2025-10-19,1,3,45,2,444,0,0,0,0,0
2025-10-20,2,0,45,0,398,0,0,0,1,0
2025-10-21,8,37,23,0,235,0,0,0,0,0
2025-10-22,2,11,12,0,160,0,0,0,0,1
2025-10-23,2,6,24,1,626,0,0,0,1,0
2025-10-24,1,5,34,1,440,0,0,0,0,0
2025-10-25,4,1,15,0,359,0,0,0,0,0
2025-10-26,4,18,15,0,214,0,0,0,0,0
2025-10-27,2,3,34,1,547,0,0,0,0,0
2025-10-28,6,28,8,2,108,0,0,0,0,3
2025-10-29,4,3,20,1,313,0,0,0,0,2
2025-10-30,2,3,25,2,340,0,0,0,0,0
2025-10-31,5,5,39,1,648,0,0,0,1,0
2025-11-01,6,2,9,1,349,0,0,0,4,1
2025-11-02,0,4,25,0,348,0,0,0,0,0
2025-11-03,5,6,45,0,383,0,0,0,0,2
2025-11-04,5,1,42,1,425,0,0,0,0,1
2025-11-05,3,3,24,0,398,0,0,0,2,0
2025-11-06,0,6,15,0,172,0,0,0,0,1
2025-11-07,1,2,13,0,248,0,0,0,1,2
2025-11-08,0,1,20,3,250,0,1,0,1,0
2025-11-09,5,1,19,0,440,0,0,0,0,0
2025-11-10,7,7,9,0,57,0,0,0,0,0
2025-11-11,0,1,17,1,217,0,0,0,0,0
2025-11-12,0,3,13,1,162,0,0,0,1,1
2025-11-13,2,11,9,0,141,0,0,0,2,2
2025-11-14,0,2,35,0,442,0,0,0,0,0
2025-11-15,6,19,20,1,490,0,0,0,2,2
2025-11-16,3,3,26,2,409,0,0,0,0,2
2025-11-17,2,3,17,1,213,0,0,0,2,0
2025-11-18,0,0,13,1,294,0,0,0,1,0
2025-11-19,1,1,12,1,293,0,0,0,0,1
2025-11-20,1,2,19,0,384,0,0,0,0,1
2025-11-21,0,3,20,0,150,0,0,0,0,0
2025-11-22,4,7,9,1,222,0,0,0,1,0
2025-11-23,2,8,26,2,496,0,0,0,0,1
2025-11-24,3,5,41,0,431,0,0,0,0,0
2025-11-25,2,4,18,0,448,0,0,0,2,3
2025-11-26,4,1,44,0,743,0,0,0,2,1
2025-11-27,1,3,21,1,214,2,0,0,1,1
2025-11-28,7,15,21,0,63,0,0,0,0,0
2025-11-29,1,15,3,0,106,0,0,0,0,2
2025-11-30,5,14,7,2,508,0,0,0,0,0
2025-12-01,1,6,14,0,239,0,0,0,0,0
2025-12-02,0,1,14,0,51,0,0,0,0,1
2025-12-03,6,3,12,3,90,0,0,0,0,1
2025-12-04,3,3,29,1,245,0,0,0,0,0
2025-12-05,0,1,34,2,424,1,0,0,0,2
2025-12-06,2,2,31,2,487,0,0,0,0,1
2025-12-07,3,0,33,2,540,0,0,0,0,0
2025-12-08,2,1,10,0,530,0,0,0,0,3
2025-12-09,0,2,27,1,432,0,0,0,0,1
2025-12-10,1,1,25,0,177,0,0,0,0,0
2025-12-11,0,7,23,1,82,0,0,0,0,3
2025-12-12,2,6,16,2,253,1,0,0,3,2
2025-12-13,3,9,24,1,283,0,0,0,2,2
2025-12-14,1,7,9,0,440,0,0,0,1,0
2025-12-15,2,10,64,3,653,0,0,0,2,0
2025-12-16,9,6,67,0,442,0,0,0,0,0
2025-12-17,6,21,33,1,167,0,0,0,1,1
2025-12-18,5,0,27,2,330,0,0,0,1,0
2025-12-19,1,10,18,1,426,0,0,0,0,0
2025-12-20,0,1,37,1,346,0,0,0,0,1
2025-12-21,2,1,11,0,116,0,0,0,0,1
2025-12-22,3,2,10,0,109,0,0,0,0,0
2025-12-23,8,20,23,1,453,2,0,0,0,0
2025-12-24,3,4,45,3,1031,0,0,0,0,0
2025-12-25,7,5,59,0,600,0,0,0,0,0
2025-12-26,3,3,74,0,537,0,0,0,1,0
2025-12-27,5,19,33,0,205,0,0,0,0,0
2025-12-28,5,8,15,2,688,0,0,0,0,0
2025-12-29,3,6,13,0,305,0,0,0,0,1
2025-12-30,5,4,19,1,400,0,0,0,0,1
2025-12-31,4,4,53,4,752,0,0,0,2,4
2026-01-01,7,4,36,1,769,0,0,0,0,0
2026-01-02,6,2,42,2,590,0,0,0,1,0
2026-01-03,3,4,24,1,539,0,0,0,0,0
2026-01-04,2,0,12,0,278,0,0,0,1,0
2026-01-05,8,2,29,2,704,0,0,0,0,1
2026-01-06,5,6,46,1,879,0,0,0,1,0
2026-01-07,3,2,26,2,406,0,0,0,0,1
2026-01-08,6,9,17,1,225,0,0,0,0,0
2026-01-09,5,8,18,0,687,0,0,0,0,0
2026-01-10,4,0,16,1,653,0,0,0,0,2
2026-01-11,11,3,44,1,654,0,0,0,0,0
2026-01-12,0,7,21,0,353,0,0,0,1,3
2026-01-13,3,7,51,2,933,0,0,0,0,0
2026-01-14,6,3,74,3,1074,0,0,0,5,0
2026-01-15,7,2,84,8,929,0,0,0,2,0
2026-01-16,6,4,48,3,527,0,0,0,0,2
2026-01-17,6,6,31,1,721,0,0,0,1,0
2026-01-18,2,5,33,1,845,0,0,0,0,0
2026-01-19,2,3,39,1,765,0,0,0,0,1
2026-01-20,6,6,60,1,925,0,0,0,1,3
2026-01-21,8,10,70,3,1019,0,0,0,0,1
2026-01-22,9,5,53,2,669,0,0,0,3,0
2026-01-23,3,3,33,0,449,0,0,0,0,1
2026-01-24,4,3,31,0,772,0,0,0,1,0
2026-01-25,2,1,32,1,847,0,0,0,3,0
2026-01-26,3,1,32,2,917,0,0,0,0,1
2026-01-27,1,3,47,2,899,0,0,0,0,0
2026-01-28,0,4,22,1,1012,0,0,0,0,2
2026-01-29,4,7,20,0,955,1,0,0,2,0
2026-01-30,1,4,15,2,555,0,0,0,1,1
2026-01-31,5,8,20,1,694,0,0,0,1,0
2026-02-01,6,3,9,0,206,0,0,0,0,1
2026-02-02,2,1,25,1,1083,0,0,0,1,2
2026-02-03,6,4,53,0,1171,0,0,0,1,1
2026-02-04,4,7,60,1,1355,0,0,0,1,4
2026-02-05,5,4,60,2,1351,0,0,0,0,0
2026-02-06,6,11,39,1,826,0,0,0,2,1
2026-02-07,2,2,22,0,1161,0,0,0,0,1
2026-02-08,1,1,8,0,468,0,0,0,0,5
2026-02-09,3,3,12,0,413,0,0,0,0,0
2026-02-10,2,5,33,0,1198,0,0,0,2,1
2026-02-11,5,2,59,1,1551,0,0,0,1,0
2026-02-12,1,5,65,3,1442,0,0,0,1,0
2026-02-13,5,3,41,1,1239,0,0,0,1,0
2026-02-14,1,3,28,3,914,0,0,1,0,1
2026-02-15,4,6,11,3,552,0,0,0,0,0
2026-02-16,4,5,26,0,601,0,0,0,1,0
2026-02-17,2,3,4,0,614,0,0,0,0,0
2026-02-18,3,6,40,0,1851,0,0,0,1,1
2026-02-19,1,3,21,1,406,0,0,0,0,0
2026-02-20,2,6,3,0,551,0,0,0,1,1
2026-02-21,1,3,42,2,1527,0,1,0,0,0
2026-02-22,9,6,41,1,1705,0,0,0,0,0
2026-02-23,2,13,40,2,1765,0,0,0,1,0
2026-02-24,2,4,50,0,1693,0,0,0,1,1
2026-02-25,3,5,29,1,886,0,0,0,0,1
2026-02-26,3,0,25,4,681,0,0,0,0,0
2026-02-27,2,6,17,0,883,0,0,0,0,0
2026-02-28,1,5,32,2,1616,0,0,0,0,0
2026-03-01,2,6,58,1,1722,0,0,0,3,0
2026-03-02,4,3,74,3,1810,0,0,0,5,1
2026-03-03,5,20,47,0,1529,0,0,1,6,0
2026-03-04,5,4,0,2,1733,0,0,0,0,2
2026-03-05,4,7,83,0,1950,0,0,0,0,1
2026-03-06,7,6,45,2,1609,0,1,0,1,1
2026-03-07,3,3,44,1,1868,0,0,0,2,0
2026-03-08,5,6,55,3,2558,0,0,0,0,3
2026-03-09,3,10,70,2,2224,0,0,1,4,0
2026-03-10,13,7,73,4,2169,0,0,0,2,4
2026-03-11,5,3,61,1,2157,0,0,0,0,1
2026-03-12,3,20,56,1,2102,0,0,0,1,0
2026-03-13,7,5,50,4,2071,0,0,0,2,0
2026-03-14,4,10,52,1,2147,0,0,0,1,0
2026-03-15,4,1,17,0,1984,0,0,1,0,1
2026-03-16,0,2,19,1,1883,0,0,1,1,2
2026-03-17,2,3,20,1,1991,0,0,0,0,0
2026-03-18,3,11,29,0,1189,0,0,0,0,0
2026-03-19,0,4,32,3,1391,0,0,0,0,1
2026-03-20,3,21,31,0,1480,0,0,0,0,4
2026-03-21,1,8,39,0,1781,0,1,0,0,0
2026-03-22,3,1,30,3,1885,0,1,0,3,2
2026-03-23,1,5,24,1,1999,0,0,0,0,0
2026-03-24,6,3,33,1,1023,0,0,0,0,0
2026-03-25,6,3,51,0,2459,0,0,0,0,0
2026-03-26,1,4,49,2,2038,0,0,0,1,2
2026-03-27,1,9,68,2,2222,0,0,0,0,0
2026-03-28,4,10,73,7,1501,0,0,0,0,5
2026-03-29,8,16,65,0,1948,0,0,0,0,0
2026-03-30,4,4,48,1,2471,0,0,0,0,0
2026-03-31,2,7,61,1,2296,0,0,0,1,0
2026-04-01,2,3,59,3,2069,0,0,0,0,2
2026-04-02,2,7,59,1,2497,0,0,0,0,0
2026-04-03,3,6,65,0,1236,0,0,0,0,2
2026-04-04,2,4,85,3,2387,0,0,0,0,0
2026-04-05,4,6,61,3,2427,0,0,0,0,3
2026-04-06,2,10,58,0,1953,0,0,0,0,0
2026-04-07,0,4,65,3,1945,0,0,0,2,3
2026-04-08,5,4,63,1,1960,0,0,0,1,2
2026-04-09,1,2,64,1,2238,0,0,0,0,2
2026-04-10,1,5,45,0,2232,0,0,0,0,0
2026-04-11,3,6,64,2,2014,0,0,0,3,2
2026-04-12,8,3,73,1,2081,0,0,0,1,0
2026-04-13,2,2,44,1,1528,0,0,0,1,2
2026-04-14,2,3,38,4,2459,0,0,0,0,0
2026-04-15,1,1,50,4,1388,0,0,0,0,2
2026-04-16,2,1,43,2,1357,0,0,0,1,1
2026-04-17,4,9,114,1,2410,0,0,0,2,3
2026-04-18,6,10,82,4,2104,0,0,0,0,0
2026-04-19,6,10,82,5,2019,0,0,0,0,2
2026-04-20,2,2,72,0,1427,0,0,0,1,1
2026-04-21,0,7,82,1,1905,0,0,0,0,0
2026-04-22,1,7,38,0,1026,0,0,0,0,0
2026-04-23,3,5,58,3,1941,0,0,0,1,2
2026-04-24,4,4,32,1,1175,0,0,0,2,0
2026-04-25,0,13,29,0,1257,0,0,0,0,2
2026-04-26,0,5,76,0,2229,0,0,0,1,0
2026-04-27,0,4,26,0,1128,0,0,0,0,0
2026-04-28,0,16,34,2,1039,0,0,0,0,5
2026-04-29,2,3,54,0,1775,0,0,0,2,5
2026-04-30,7,7,119,1,1327,0,1,0,0,2
2026-05-01,2,3,100,1,1924,0,0,0,1,2
2026-05-02,3,4,73,6,2305,0,0,0,0,1
2026-05-03,2,3,76,2,2224,0,0,0,0,0
2026-05-04,6,4,113,2,2249,0,0,0,0,17
2026-05-05,3,3,80,3,1968,0,0,0,4,2
2026-05-06,1,5,92,5,2031,0,0,0,2,0
2026-05-07,0,6,61,1,1851,0,0,0,2,2
2026-05-08,1,17,91,2,1817,0,0,0,5,1
2026-05-09,1,3,82,2,1479,0,0,0,1,0
2026-05-10,0,3,75,2,1489,0,0,0,2,3
2026-05-11,4,7,76,1,1557,0,0,0,0,2
2026-05-12,2,2,72,2,1252,0,0,0,0,1
2026-05-13,2,1,50,1,1853,0,0,0,3,2
2026-05-14,3,3,68,1,2319,0,0,0,3,2
2026-05-15,4,12,32,1,1780,0,0,0,0,1
2026-05-16,2,5,48,0,1865,1,0,0,2,7
2026-05-17,1,4,82,2,2131,0,0,0,3,5
2026-05-18,1,5,47,2,1603,0,1,0,2,4
2026-05-19,1,1,78,0,2142,0,0,0,0,2
2026-05-20,3,2,60,3,1873,0,0,0,2,4
2026-05-21,0,5,54,2,1715,0,0,0,1,1
2026-05-22,1,3,57,1,1872,0,0,0,1,0
2026-05-23,5,5,68,1,1819,0,0,0,4,5
2026-05-24,1,4,61,1,1843,0,0,0,2,4
2026-05-25,3,5,47,2,1924,0,0,0,0,2
2026-05-26,1,7,64,2,1790,0,0,0,1,3
2026-05-27,1,3,39,1,1307,0,0,0,0,3
2026-05-28,1,7,42,1,1560,0,0,0,0,3
2026-05-29,2,11,28,2,1750,0,0,0,0,0
2026-05-30,2,7,70,5,1781,0,0,0,1,4
2026-05-31,2,14,57,6,1894,0,0,0,1,3
